content,tweet_timestamp,likes,retweets,replies,views,is_repost,deleted_at,tweet_type
@CStupich,2026-01-03T08:08:12.000Z,2,0,1,104,false,2026-01-07T18:36:42.002Z,reply
"@notsaadOK  Ryan in the back row",2025-12-25T03:02:34.000Z,0,0,1,2.3K,false,2026-01-07T18:36:49.739Z,reply
"@notsaadOK  Ryan in the back row",2025-12-25T03:02:34.000Z,0,0,1,2.3K,false,2026-01-07T18:36:53.425Z,reply
"@notsaadOK  Ryan in the back row",2025-12-25T03:02:34.000Z,0,0,1,2.3K,false,2026-01-07T18:36:57.777Z,reply
"@notsaadOK  Ryan in the back row",2025-12-25T03:02:34.000Z,0,0,1,2.3K,false,2026-01-07T18:37:01.103Z,reply
"@notsaadOK  Ryan in the back row",2025-12-25T03:02:34.000Z,0,0,1,2.3K,false,2026-01-07T18:37:05.407Z,reply
"@notsaadOK  Ryan in the back row",2025-12-25T03:02:34.000Z,0,0,1,2.3K,false,2026-01-07T18:46:24.876Z,reply
"@notsaadOK  Ryan in the back row",2025-12-25T03:02:34.000Z,0,0,1,2.3K,false,2026-01-07T18:46:27.924Z,reply
"@notsaadOK  Ryan in the back row",2025-12-25T03:02:34.000Z,0,0,1,2.3K,false,2026-01-07T18:46:31.171Z,reply
"",2025-12-25T03:34:58.000Z,0,0,0,15,false,2026-01-07T18:49:40.821Z,reply
@CStupich,2025-12-24T03:34:51.000Z,0,0,0,120,false,2026-01-07T18:49:45.919Z,reply
@CStupich,2025-12-04T06:59:45.000Z,1,0,0,116,false,2026-01-07T18:49:51.897Z,reply
"@CStupich  so this is where you were yesterday",2025-12-01T21:21:43.000Z,0,0,0,241,false,2026-01-07T18:49:57.965Z,reply
"My goat",2025-11-29T21:51:59.000Z,1,0,0,13,false,2026-01-07T18:50:03.884Z,reply
"",2025-11-22T04:02:23.000Z,1,0,0,97,false,2026-01-07T18:50:10.412Z,reply
Banger,2025-07-17T23:06:10.000Z,1,0,0,35,false,2026-01-07T18:50:16.837Z,reply
"Ebi and I made it out the sandbox together ",2025-07-17T20:38:18.000Z,2,0,0,26,false,2026-01-07T18:50:22.185Z,reply
@CStupich,2025-07-17T19:50:17.000Z,1,0,0,41,false,2026-01-07T18:50:27.528Z,reply
@CStupich,2025-07-17T00:54:11.000Z,1,0,0,139,false,2026-01-07T18:50:34.082Z,reply
@CStupich,2025-07-14T21:47:36.000Z,1,0,0,98,false,2026-01-07T18:50:40.890Z,reply
"Thanks bro appreciate it",2025-07-13T04:23:14.000Z,1,0,0,25,false,2026-01-07T18:50:48.139Z,reply
"",2025-07-13T04:22:44.000Z,5,0,1,213,false,2026-01-07T18:50:53.172Z,reply
"Im switching up",2025-07-11T21:18:08.000Z,1,0,1,40,false,2026-01-07T18:50:59.871Z,reply
"halal truck owner unimpressed after whiteboy speaks perfect arabic",2025-07-01T02:01:47.000Z,2,0,1,54,false,2026-01-07T18:51:06.302Z,reply
"This matcha drinking aint for everyone gng",2025-07-01T02:01:01.000Z,0,0,1,46,false,2026-01-07T18:51:11.225Z,reply
"Still lfs?",2025-06-22T02:48:34.000Z,1,0,1,81,false,2026-01-07T18:51:16.905Z,reply
"What da helly",2025-06-22T02:45:09.000Z,0,0,0,22,false,2026-01-07T18:51:22.416Z,reply
"I just ordered the bonless meal deal bogo today mmmmm",2025-06-22T02:41:55.000Z,3,0,1,219,false,2026-01-07T18:51:28.502Z,reply
"Yeah loving in palo alto",2025-04-06T04:12:14.000Z,0,0,0,67,false,2026-01-07T18:51:34.824Z,reply
"My goat",2025-04-06T04:06:39.000Z,0,0,1,60,false,2026-01-07T18:51:41.014Z,reply
"Im a giants fan now see u at the game tmr twin",2025-04-04T23:01:43.000Z,2,0,1,136,false,2026-01-07T18:51:46.819Z,reply
"Man i love leetcode",2025-03-09T02:18:37.000Z,4,0,1,314,false,2026-01-07T18:51:52.976Z,reply
"So deep my goat",2025-03-03T20:20:27.000Z,0,0,0,170,false,2026-01-07T18:51:58.520Z,reply
"He made it ",2025-02-25T03:01:07.000Z,1,0,1,248,false,2026-01-07T18:52:05.271Z,reply
"The N isnt capitalized im going for a nonchalant aesthetic",2025-02-06T23:22:18.000Z,8,0,0,288,false,2026-01-07T18:52:12.561Z,reply
"",2025-02-06T23:21:39.000Z,0,0,0,62,false,2026-01-07T18:52:18.518Z,reply
"Herbert mentioned with lamar allen and burrow",2025-01-26T22:57:43.000Z,2,0,1,32,false,2026-01-07T18:52:25.075Z,reply
"Watching u spiral in real time ",2025-01-26T20:27:45.000Z,0,0,1,88,false,2026-01-07T18:52:32.502Z,reply
"The natural path",2025-01-22T06:20:48.000Z,1,0,0,29,false,2026-01-07T18:52:39.084Z,reply
@CStupich,2025-01-16T04:01:37.000Z,1,0,0,91,false,2026-01-07T18:52:44.169Z,reply
"Hello JJBlaztful",2025-01-13T20:29:01.000Z,0,0,0,81,false,2026-01-07T18:52:49.770Z,reply
@CStupich,2024-12-26T06:13:43.000Z,0,0,0,91,false,2026-01-07T18:52:55.565Z,reply
"Thought u fw’d Darnold?",2024-12-20T04:40:22.000Z,0,0,1,338,false,2026-01-07T18:53:01.964Z,reply
"",2024-12-20T00:42:45.000Z,0,0,0,42,false,2026-01-07T18:53:09.297Z,reply
"",2024-12-17T19:18:46.000Z,0,0,1,134,false,2026-01-07T18:53:14.536Z,reply
"Drop the license plate bro",2024-12-15T02:48:41.000Z,2,0,0,120,false,2026-01-07T18:53:19.613Z,reply
@CStupich,2024-12-05T02:15:14.000Z,2,0,0,82,false,2026-01-07T18:53:25.719Z,reply
"Happy birthday brotha, enjoy it",2024-10-23T01:17:12.000Z,0,0,1,115,false,2026-01-07T18:53:31.472Z,reply
@CStupich,2024-10-01T18:15:49.000Z,2,0,0,104,false,2026-01-07T18:53:37.546Z,reply
"He could be the worst player on earth if hes dropping 30 fantasy points thats my goat",2024-09-13T18:16:18.000Z,1,0,0,23,false,2026-01-07T18:53:44.886Z,reply
"Think this will probably be true but not in the next few years. But tbh smart people will always be fine",2024-09-13T18:08:52.000Z,1,0,0,156,false,2026-01-07T18:53:51.421Z,reply
Nice,2024-09-13T01:30:07.000Z,0,0,1,71,false,2026-01-07T18:53:57.924Z,reply
"  https:// x.com/notsaadOK/stat /notsaadOK/status/1627413301578633219 …",2024-09-08T13:42:57.000Z,1,0,0,523,false,2026-01-07T18:54:03.489Z,reply
"",2024-08-14T21:17:24.000Z,1,0,0,94,false,2026-01-07T18:54:10.684Z,reply
LMAO,2024-08-08T17:50:46.000Z,0,0,0,45,false,2026-01-07T18:54:15.784Z,reply
@CStupich,2024-08-03T16:51:35.000Z,0,0,0,67,false,2026-01-07T18:54:22.528Z,reply
@CStupich,2024-08-01T05:35:37.000Z,0,0,0,48,false,2026-01-07T18:54:29.919Z,reply
"Literally tagged you in this 1h ago",2024-08-01T05:29:43.000Z,0,0,1,13,false,2026-01-07T18:54:35.628Z,reply
"",2024-08-01T05:30:02.000Z,0,0,0,16,false,2026-01-07T18:54:41.450Z,reply
"How will you get chipotle rewards on uber eats twin",2025-07-16T22:31:05.000Z,2,0,2,172,false,2026-01-07T18:56:31.093Z,reply
@CStupich,2025-06-30T22:35:46.000Z,2,0,1,199,false,2026-01-07T18:56:36.109Z,reply
"Make technical interviews lc hards only",2025-01-21T16:57:11.000Z,1,0,2,177,false,2026-01-07T18:56:41.218Z,reply
"Can’t believe they called me American ",2025-01-13T04:49:36.000Z,2,0,1,259,false,2026-01-07T18:56:46.738Z,reply
@CStupich,2024-08-01T03:42:48.000Z,0,0,0,37,false,2026-01-07T18:56:52.238Z,reply
@CStupich,2024-07-23T20:56:43.000Z,0,0,0,66,false,2026-01-07T18:56:58.937Z,reply
@CStupich,2024-07-12T23:12:00.000Z,1,0,0,81,false,2026-01-07T18:57:05.232Z,reply
@CStupich,2024-07-11T13:27:10.000Z,0,0,0,63,false,2026-01-07T18:57:12.138Z,reply
@CStupich,2024-06-18T21:11:08.000Z,0,0,0,98,false,2026-01-07T18:57:18.896Z,reply
@CStupich,2024-06-16T18:38:56.000Z,0,0,0,116,false,2026-01-07T18:57:24.203Z,reply
@CStupich,2024-06-09T23:54:24.000Z,0,0,0,80,false,2026-01-07T18:57:30.342Z,reply
"@CStupich  my goat",2024-06-03T01:59:07.000Z,1,0,0,140,false,2026-01-07T18:57:35.883Z,reply
"Nice fanduel slip lil bro",2024-05-20T03:34:02.000Z,0,0,0,134,false,2026-01-07T18:57:43.118Z,reply
@CStupich,2024-05-13T23:52:48.000Z,0,0,0,106,false,2026-01-07T18:57:48.422Z,reply
@CStupich,2024-05-11T03:23:03.000Z,1,0,0,141,false,2026-01-07T18:57:53.971Z,reply
@CStupich,2024-05-03T21:55:48.000Z,0,0,0,136,false,2026-01-07T18:58:01.230Z,reply
@CStupich,2024-05-01T03:20:43.000Z,0,0,0,123,false,2026-01-07T18:58:06.643Z,reply
@CStupich,2024-04-30T01:18:11.000Z,0,0,0,119,false,2026-01-07T18:58:13.088Z,reply
@CStupich,2024-04-28T14:02:26.000Z,0,0,0,121,false,2026-01-07T18:58:19.940Z,reply
"What ranky does to a mf",2024-04-21T06:21:45.000Z,1,0,0,232,false,2026-01-07T18:58:26.394Z,reply
"Sadly u dont fw me anymore ",2024-04-19T03:02:39.000Z,1,0,0,146,false,2026-01-07T18:58:33.535Z,reply
"This the hood version of declaring bankruptcy  #BrokeAlert",2024-04-18T21:15:06.000Z,3,0,1,227,false,2026-01-07T18:58:38.535Z,reply
"This some real shit you wouldn’t get",2024-04-18T21:13:49.000Z,1,0,0,320,false,2026-01-07T18:58:45.280Z,reply
PLEASE,2024-04-18T05:36:11.000Z,1,0,0,91,false,2026-01-07T19:02:34.150Z,reply
"Down after this saturday",2024-04-18T04:05:47.000Z,0,0,0,115,false,2026-01-07T19:02:40.190Z,reply
@CStupich,2024-04-17T21:36:47.000Z,0,0,0,102,false,2026-01-07T19:02:45.757Z,reply
@CStupich,2024-04-15T15:02:27.000Z,0,0,0,120,false,2026-01-07T19:02:50.599Z,reply
"poor sentence structure, 7/10.",2024-04-13T22:37:10.000Z,0,0,1,41,false,2026-01-07T19:02:57.914Z,reply
"what does this even mean",2024-04-13T22:36:50.000Z,0,0,0,115,false,2026-01-07T19:03:04.344Z,reply
@CStupich,2024-04-10T00:17:25.000Z,1,0,0,97,false,2026-01-07T19:03:11.174Z,reply
"Moresby resident",2024-04-09T23:22:28.000Z,0,0,0,18,false,2026-01-07T19:03:17.444Z,reply
"goretzka laimer midfield is so unbelieveably cooked, I was hoping for pavlovic to play but hes gonna come off the bench since he was injured",2024-04-09T18:15:46.000Z,0,0,0,189,false,2026-01-07T19:03:23.755Z,reply
"Intramural debut? Bro its April",2024-04-06T05:25:22.000Z,0,0,1,18,false,2026-01-07T19:03:29.962Z,reply
@CStupich,2024-03-19T18:29:15.000Z,0,0,0,192,false,2026-01-07T19:03:35.556Z,reply
"Ableist and not cool.",2024-03-14T05:50:57.000Z,1,0,0,174,false,2026-01-07T19:03:42.177Z,reply
"Dropped on my birthday its a sign",2024-03-13T15:17:05.000Z,0,0,0,38,false,2026-01-07T19:03:49.311Z,reply
"I need this after seeing the ravens and steelers moves",2024-03-13T03:33:54.000Z,0,0,1,138,false,2026-01-07T19:03:56.993Z,reply
"@CStupich   @dylanjm8",2024-03-12T23:59:40.000Z,1,0,0,76,false,2026-01-07T19:04:03.406Z,reply
@CStupich,2024-03-02T01:39:29.000Z,1,0,1,128,false,2026-01-07T19:04:09.855Z,reply
"Lets link on linkedin",2024-02-27T20:58:35.000Z,2,0,0,178,false,2026-01-07T19:04:16.193Z,reply
"",2024-02-26T07:05:56.000Z,1,0,0,122,false,2026-01-07T19:04:21.458Z,reply
Gg,2024-02-20T19:16:07.000Z,0,0,0,94,false,2026-01-07T19:04:28.127Z,reply
"first peepooman to play at si",2024-02-13T22:26:36.000Z,0,0,0,84,false,2026-01-07T19:04:34.044Z,reply
@CStupich,2024-02-13T21:36:48.000Z,1,0,0,71,false,2026-01-07T19:04:40.742Z,reply
"Whats ur major?",2024-02-04T20:48:43.000Z,0,0,1,283,false,2026-01-07T19:04:47.803Z,reply
"",2024-01-24T05:15:24.000Z,2,0,1,178,false,2026-01-07T19:04:53.838Z,reply
@CStupich,2024-01-16T15:37:01.000Z,0,0,0,121,false,2026-01-07T19:05:00.091Z,reply
@CStupich,2024-01-11T00:19:43.000Z,0,0,0,153,false,2026-01-07T19:05:06.119Z,reply
"Fell off after sporttrik kicked me out",2024-01-05T04:47:26.000Z,1,0,1,137,false,2026-01-07T19:05:13.344Z,reply
@CStupich,2024-01-01T07:47:18.000Z,0,0,0,83,false,2026-01-07T19:18:52.300Z,reply
@CStupich,2023-12-29T21:39:51.000Z,1,0,0,84,false,2026-01-07T19:18:58.516Z,reply
@CStupich,2023-12-08T19:53:48.000Z,0,0,0,96,false,2026-01-07T19:19:03.543Z,reply
"Crazy to assume ur not being shipped to the depths of hell",2023-12-07T14:26:19.000Z,5,0,0,208,false,2026-01-07T19:19:09.625Z,reply
"Connect 4 connect",2023-12-05T16:32:12.000Z,1,0,0,107,false,2026-01-07T19:21:22.252Z,reply
"Bros code sucks ",2023-12-03T02:05:19.000Z,8,0,1,635,false,2026-01-07T19:21:29.310Z,reply
"Connect 4 connect",2023-12-05T16:32:12.000Z,1,0,0,107,false,2026-01-07T19:21:35.978Z,reply
"Bros code sucks ",2023-12-03T02:05:19.000Z,8,0,1,635,false,2026-01-07T19:21:43.018Z,reply
"She cookin u you need ur getback",2023-11-28T21:22:41.000Z,6,0,1,314,false,2026-01-07T19:21:48.862Z,reply
"Where can I buy a copy",2023-11-27T20:54:06.000Z,1,0,0,275,false,2026-01-07T19:21:55.982Z,reply
@CStupich,2023-11-24T15:47:55.000Z,1,0,0,235,false,2026-01-07T19:22:01.938Z,reply
"",2023-10-29T22:41:47.000Z,0,0,1,263,false,2026-01-07T19:22:07.544Z,reply
@CStupich,2023-10-11T19:33:29.000Z,0,0,0,316,false,2026-01-07T19:22:14.826Z,reply
"@woodsOK_  #relatable",2023-10-10T13:10:01.000Z,2,0,1,117,false,2026-01-07T19:22:20.384Z,reply
@GingerAleCEO,2023-10-07T15:04:34.000Z,1,0,0,390,false,2026-01-07T19:22:27.032Z,reply
@GingerAleCEO,2023-10-06T22:11:18.000Z,2,0,0,405,false,2026-01-07T19:22:33.970Z,reply
@GingerAleCEO,2023-10-02T21:18:12.000Z,2,0,0,309,false,2026-01-07T19:22:39.149Z,reply
@GingerAleCEO,2023-09-30T14:41:47.000Z,0,0,0,41,false,2026-01-07T19:22:44.840Z,reply
"Shoula been me (dating you)",2023-09-27T22:59:10.000Z,1,0,1,56,false,2026-01-07T19:22:51.815Z,reply
"Real as hell",2023-09-27T22:58:48.000Z,1,0,0,48,false,2026-01-07T19:22:56.512Z,reply
"They got my ass with the halloween one last year bruh",2023-09-26T20:10:26.000Z,1,0,0,52,false,2026-01-07T19:23:03.443Z,reply
@WhimpyKid2,2023-09-19T01:57:15.000Z,3,0,0,424,false,2026-01-07T19:23:09.576Z,reply
"Bro got his bag and dipped",2023-09-17T19:01:20.000Z,2,0,0,391,false,2026-01-07T19:23:16.743Z,reply
"Good times",2023-09-15T13:03:15.000Z,1,0,0,46,false,2026-01-07T19:23:22.598Z,reply
"My school has midterms on Saturday mornings which I find to be the worst",2023-09-12T22:31:29.000Z,0,0,1,98,false,2026-01-07T19:23:29.113Z,reply
"For finals we’re allowed to have 7-10pm exams",2023-09-12T22:06:43.000Z,2,0,1,119,false,2026-01-07T19:23:35.214Z,reply
@GingerAleCEO,2023-09-12T22:05:18.000Z,1,0,0,67,false,2026-01-07T19:23:42.337Z,reply
@CStupich,2023-08-25T14:39:55.000Z,0,0,0,377,false,2026-01-07T19:23:47.784Z,reply
"LETS GOOOOO",2023-08-25T01:17:18.000Z,3,0,0,76,false,2026-01-07T19:23:54.196Z,reply
"@WhimpyKid2  congrats",2023-08-24T12:30:53.000Z,1,0,0,556,false,2026-01-07T19:24:00.383Z,reply
"@TeamYouTube  sort this out. NOW.",2023-08-23T18:14:00.000Z,1,0,0,442,false,2026-01-07T19:24:07.294Z,reply
"I turn 21 in March, I’ll wait till then",2023-08-18T05:33:12.000Z,2,0,0,266,false,2026-01-07T19:24:13.612Z,reply
"@Skitttlz  I still needa visit Texas, its time for me to reappear in a vlog",2023-08-18T01:18:31.000Z,2,0,1,183,false,2026-01-07T19:24:20.329Z,reply
"I haven’t played siege in like a year I have no idea what’s going on in that game",2023-08-17T02:35:42.000Z,0,0,1,155,false,2026-01-07T19:24:26.537Z,reply
@CStupich,2023-08-16T22:50:31.000Z,0,0,0,272,false,2026-01-07T19:24:32.620Z,reply
@GingerAleCEO,2023-08-14T18:27:35.000Z,1,0,0,112,false,2026-01-07T19:24:38.510Z,reply
"15 comes out in a month for pre much the same price 14 is rn",2023-08-12T20:41:27.000Z,2,0,1,22,false,2026-01-07T19:24:43.851Z,reply
"@CStupich   @dylanjm8  ben",2023-08-11T17:42:46.000Z,1,0,0,200,false,2026-01-07T19:24:50.474Z,reply
"Greatest day of my life",2023-08-11T13:02:12.000Z,0,0,0,132,false,2026-01-07T19:24:56.687Z,reply
@DripBoolin,2023-08-09T11:36:22.000Z,0,0,1,315,false,2026-01-07T19:25:03.915Z,reply
"@WhimpyKid2  buy me one",2023-08-09T00:06:14.000Z,2,0,1,441,false,2026-01-07T19:25:11.292Z,reply
"",2023-08-05T18:41:45.000Z,1,0,1,348,false,2026-01-07T19:25:17.733Z,reply
"Me too bruh",2023-08-04T06:38:08.000Z,1,0,0,254,false,2026-01-07T19:25:23.515Z,reply
"Im leaving paris today gang, we coulda dropped the collab pic",2023-08-03T13:03:26.000Z,1,0,1,277,false,2026-01-07T19:25:30.698Z,reply
"Nah bro this tweet had me PogChamping  #TwitchModLife #ResidentSleeper",2023-08-01T16:10:51.000Z,2,0,1,312,false,2026-01-07T19:25:35.873Z,reply
@CStupich,2023-07-30T14:29:35.000Z,0,0,0,197,false,2026-01-07T19:25:41.968Z,reply
"Been like 2+ years since we used to run up ranked  good luck with the future",2023-07-29T21:08:13.000Z,3,0,0,321,false,2026-01-07T19:25:48.314Z,reply
"So easy",2023-07-17T21:15:23.000Z,0,0,0,155,false,2026-01-07T19:25:54.091Z,reply
Vamos,2023-07-13T20:39:01.000Z,1,0,0,162,false,2026-01-07T19:26:00.277Z,reply
"@GingerAleCEO  ",2023-07-12T21:49:57.000Z,1,0,0,344,false,2026-01-07T19:26:06.964Z,reply
"Deliver it to Aldburn",2023-07-11T13:59:46.000Z,1,0,0,254,false,2026-01-07T19:26:11.801Z,reply
"I dont know u lil bro",2024-04-18T06:51:08.000Z,0,0,1,207,false,2026-01-07T19:44:12.872Z,reply
"@AugFPS  lookin good",2023-07-11T02:32:40.000Z,2,0,0,186,false,2026-01-07T19:44:20.290Z,reply
@itsSKO_,2023-07-10T15:58:51.000Z,2,0,0,353,false,2026-01-07T19:44:25.335Z,reply
"Who did? God did!",2023-07-10T15:57:26.000Z,1,0,0,149,false,2026-01-07T19:44:31.666Z,reply
@Dscovr_,2023-07-08T01:55:32.000Z,4,0,0,262,false,2026-01-07T19:44:36.894Z,reply
"Baby gronk rizz king?",2023-07-07T15:16:21.000Z,0,0,0,195,false,2026-01-07T19:44:42.345Z,reply
"@ notsaad",2023-07-06T04:14:45.000Z,0,0,0,91,false,2026-01-07T19:44:47.425Z,reply
Holla,2023-07-06T04:13:34.000Z,0,0,0,144,false,2026-01-07T19:44:53.524Z,reply
Insane,2023-07-06T00:00:42.000Z,3,0,0,204,false,2026-01-07T19:44:59.471Z,reply
"@CStupich  imagine overwatch porn on this setup",2023-07-05T19:46:37.000Z,4,0,0,219,false,2026-01-07T19:45:06.047Z,reply
"L take im sorry bro",2023-07-05T19:26:57.000Z,8,0,0,320,false,2026-01-07T19:45:11.744Z,reply
?,2023-07-04T15:55:11.000Z,0,0,1,25,false,2026-01-07T19:45:18.510Z,reply
@CStupich,2023-06-30T14:15:10.000Z,0,0,0,230,false,2026-01-07T19:45:25.334Z,reply
"nba and nfl will probably be untouchable in the US for a while but I could see it taking 3rd place",2023-06-28T15:41:54.000Z,1,0,0,212,false,2026-01-07T19:45:31.594Z,reply
@CStupich,2023-06-28T12:47:07.000Z,1,0,0,238,false,2026-01-07T19:45:36.837Z,reply
"@CStupich  yummy lunch",2023-06-26T15:32:08.000Z,1,0,0,295,false,2026-01-07T19:45:42.780Z,reply
"Light work",2023-06-24T06:24:54.000Z,1,0,1,333,false,2026-01-07T19:45:48.447Z,reply
"Seek help",2023-06-22T03:14:56.000Z,0,0,0,184,false,2026-01-07T19:45:55.225Z,reply
@CStupich,2023-06-21T17:54:35.000Z,0,0,0,157,false,2026-01-07T19:46:00.694Z,reply
"@macksRB6  said he wants it",2023-06-21T17:45:56.000Z,3,0,1,283,false,2026-01-07T19:46:06.520Z,reply
"That’s why you’re working for your money #pooron #StuckInTheMatrix",2023-06-21T16:46:25.000Z,8,0,0,296,false,2026-01-07T19:46:12.443Z,reply
"@CStupich  there’s still hope for you",2023-06-16T17:05:42.000Z,3,0,1,260,false,2026-01-07T19:46:19.472Z,reply
@CStupich,2023-06-13T20:40:03.000Z,0,0,0,214,false,2026-01-07T19:46:24.583Z,reply
"",2023-06-13T00:00:00.000Z,2,0,1,338,false,2026-01-07T19:46:29.356Z,reply
"Whimpy son > PhD daughter",2023-06-12T20:00:27.000Z,1,0,0,173,false,2026-01-07T19:46:35.895Z,reply
"Gay son or thot daughter",2023-06-12T19:58:38.000Z,1,0,1,374,false,2026-01-07T19:46:42.673Z,reply
"well I haven't booked anything for it yet but that's the plan",2023-06-08T00:46:24.000Z,0,0,1,57,false,2026-01-07T19:46:49.706Z,reply
"The only thing keeping me pushing through my 16 hour drive thru shifts are you tweeting at poison",2023-06-08T00:09:43.000Z,6,0,0,219,false,2026-01-07T19:46:55.279Z,reply
"",2023-06-06T15:33:37.000Z,1,0,1,206,false,2026-01-07T19:47:00.766Z,reply
@CStupich,2023-06-06T01:11:17.000Z,0,0,0,4.1K,false,2026-01-07T19:47:06.462Z,reply
"I sold it on playerauctions",2023-06-06T00:27:11.000Z,3,0,0,291,false,2026-01-07T19:47:11.961Z,reply
"Unlimited drinks before your flight is something everyone has to experience",2023-06-03T16:19:19.000Z,0,0,0,24,false,2026-01-07T19:47:16.642Z,reply
"You tellin me I slid into ur dms for nothing?",2023-05-31T22:35:56.000Z,0,0,1,272,false,2026-01-07T19:47:23.617Z,reply
@CStupich,2023-05-30T18:42:28.000Z,1,0,0,161,false,2026-01-07T19:47:28.679Z,reply
@CStupich,2023-05-25T20:21:00.000Z,1,0,1,290,false,2026-01-07T19:47:34.100Z,reply
@CStupich,2023-05-23T21:41:46.000Z,1,0,0,225,false,2026-01-07T19:47:39.297Z,reply
"",2023-05-17T21:55:00.000Z,13,0,0,427,false,2026-01-07T19:47:45.543Z,reply
"Sorry its a european thing it must be lost in translation (im in amsterdam rn lemme fly you out bae)",2023-05-13T23:24:37.000Z,2,0,0,97,false,2026-01-07T19:47:52.388Z,reply
"Congrats bro, only 3 more years till youre done high school",2023-05-12T18:44:31.000Z,1,0,1,113,false,2026-01-07T19:47:58.830Z,reply
"CAL KEEG FROM 3",2023-05-06T23:04:11.000Z,2,0,1,149,false,2026-01-07T19:48:03.872Z,reply
"@CStupich  this is so us",2023-05-05T10:00:32.000Z,2,0,0,278,false,2026-01-07T19:48:09.724Z,reply
"You gon be so mad when you figure out im at 500 ",2023-05-04T19:53:02.000Z,0,0,0,44,false,2026-01-07T19:48:16.153Z,reply
"Glad to see god answered my prayers",2023-04-29T22:39:40.000Z,1,0,0,447,false,2026-01-07T19:48:21.095Z,reply
"My lectures finished 3 weeks ago ",2023-04-26T21:35:42.000Z,0,0,1,90,false,2026-01-07T19:48:26.689Z,reply
"How u got lectures in late april",2023-04-26T20:55:02.000Z,1,0,1,372,false,2026-01-07T19:48:31.831Z,reply
"Real as hell",2023-04-24T17:17:40.000Z,1,0,0,64,false,2026-01-07T19:48:37.521Z,reply
"Feds did a sweep",2023-04-23T20:00:36.000Z,0,0,0,64,false,2026-01-07T19:48:43.228Z,reply
"@GasherR6  u missed this",2023-04-19T22:27:15.000Z,1,0,1,291,false,2026-01-07T19:48:49.798Z,reply
"Tell them to add me on linkedin",2023-04-17T05:03:51.000Z,4,0,0,841,false,2026-01-07T19:48:55.116Z,reply
"",2023-04-17T05:02:13.000Z,0,0,1,92,false,2026-01-07T19:48:59.774Z,reply
"Glad u good bro",2023-04-16T20:30:17.000Z,0,0,0,256,false,2026-01-07T19:49:05.043Z,reply
@WhimpyKid2,2023-04-16T14:31:18.000Z,2,0,0,210,false,2026-01-07T19:49:11.627Z,reply
"Me and you at mcdonalds next week",2023-04-14T06:12:03.000Z,4,0,1,449,false,2026-01-07T19:49:18.300Z,reply
"@WhimpyKid2  calm down bro",2023-04-09T21:21:59.000Z,5,0,0,614,false,2026-01-07T19:49:24.017Z,reply
"",2023-04-03T13:43:55.000Z,0,0,0,64,false,2026-01-07T19:49:29.625Z,reply
"This hard as hell I can’t even lie  https:// t.co/riFYoNdZQG",2023-04-01T16:09:49.000Z,3,0,2,653,false,2026-01-07T19:49:34.818Z,reply
"Lemme hit",2023-03-27T21:11:00.000Z,0,0,0,69,false,2026-01-07T19:49:40.660Z,reply
"I saw what the world had turned into without me and realized there was only one thing I could do.",2023-03-23T16:52:51.000Z,3,0,1,264,false,2026-01-07T19:49:45.988Z,reply
"See u tmr bro",2023-03-22T06:06:24.000Z,0,0,0,57,false,2026-01-07T19:49:53.258Z,reply
"Rainbow six siege",2023-03-22T05:32:23.000Z,16,0,0,397,false,2026-01-07T19:49:59.970Z,reply
"#relatable ",2023-03-22T05:32:04.000Z,0,0,0,234,false,2026-01-07T19:50:05.853Z,reply
@CStupich,2023-03-20T13:52:29.000Z,0,0,0,183,false,2026-01-07T19:50:12.874Z,reply
"Joe Academy graduate fr",2023-03-17T00:40:06.000Z,2,0,0,241,false,2026-01-07T19:50:18.115Z,reply
$1.32,2023-03-17T00:34:25.000Z,0,0,0,55,false,2026-01-07T19:50:25.282Z,reply
"Looking good  @hatfps",2023-03-16T23:23:38.000Z,3,0,0,157,false,2026-01-07T19:50:31.761Z,reply
"You had oral roberts in ur sweet 16, i was getting oral from robert on my sweet 16. We not the same lil bro",2023-03-16T23:21:49.000Z,6,0,1,462,false,2026-01-07T19:50:36.330Z,reply
@CStupich,2023-03-15T02:24:25.000Z,1,0,0,256,false,2026-01-07T19:50:43.180Z,reply
Pog,2023-03-14T20:50:40.000Z,1,0,0,162,false,2026-01-07T19:50:49.885Z,reply
"Le Skratch esports",2023-03-14T20:49:57.000Z,5,0,0,470,false,2026-01-07T19:50:56.393Z,reply
"",2023-03-14T16:40:05.000Z,1,0,0,278,false,2026-01-07T19:51:02.969Z,reply
No,2023-03-14T01:07:32.000Z,1,0,0,81,false,2026-01-07T19:51:09.343Z,reply
"Thumb is not a finger ",2023-03-13T01:32:30.000Z,0,0,1,149,false,2026-01-07T19:51:15.287Z,reply
"@RethinkinR6   @WhimpyKid2  @turbogdk  @KoolAidAF1",2023-03-12T20:59:26.000Z,0,0,1,453,false,2026-01-07T19:51:21.159Z,reply
"We duo’d to champ",2023-03-12T20:58:19.000Z,0,0,0,117,false,2026-01-07T19:51:26.637Z,reply
"That boy ev nels",2023-03-10T17:44:00.000Z,6,0,0,607,false,2026-01-07T19:51:32.054Z,reply
"Good luck in Thailand!  @WhimpyKid2",2023-03-10T03:24:56.000Z,1,0,0,381,false,2026-01-07T19:51:37.262Z,reply
"How much to get one worn by you",2023-03-10T00:10:34.000Z,1,0,0,486,false,2026-01-07T19:51:42.785Z,reply
"Winner mentality",2023-03-08T01:43:24.000Z,0,0,0,51,false,2026-01-07T19:51:47.687Z,reply
"That 37% bouta look sweet",2023-03-08T01:04:54.000Z,11,0,0,424,false,2026-01-07T19:51:54.103Z,reply
???,2023-03-08T00:22:23.000Z,0,0,0,66,false,2026-01-07T19:51:59.567Z,reply
Spiffdontwhiff,2023-03-07T19:33:24.000Z,1,0,1,261,false,2026-01-07T19:52:05.966Z,reply
"You for sure not a munch",2023-03-07T17:41:49.000Z,9,0,0,350,false,2026-01-07T19:52:11.553Z,reply
"And I still know that Trevor Lawrence cooked yall ",2023-03-07T17:40:32.000Z,1,0,0,105,false,2026-01-07T19:52:16.386Z,reply
"Most sane chargers fan",2023-03-07T17:34:04.000Z,1,0,0,125,false,2026-01-07T19:52:21.586Z,reply
"Theyre good lil bro",2023-03-07T05:07:45.000Z,2,0,1,215,false,2026-01-07T19:52:27.355Z,reply
"Call that shit compound interest",2023-03-07T05:06:56.000Z,1,0,0,260,false,2026-01-07T19:52:32.961Z,reply
"Calc 2 was the hardest course I’ve taken for sure but I clutched up",2023-03-07T05:02:54.000Z,1,0,1,89,false,2026-01-07T19:52:39.462Z,reply
"in my experience they just make admission super hard but the actual course load and concepts is pretty manageable",2023-03-07T03:22:26.000Z,2,0,1,477,false,2026-01-07T19:52:44.530Z,reply
"New stupich xanax trip tweets dropped",2023-03-07T02:50:51.000Z,1,0,1,292,false,2026-01-07T19:52:51.529Z,reply
"I WHAT???",2023-03-07T02:49:28.000Z,0,0,0,118,false,2026-01-07T19:52:58.656Z,reply
"I smoke marlboro reds before I leave my house and I always get told I smell really good",2023-03-06T23:19:56.000Z,20,0,1,563,false,2026-01-07T19:53:04.353Z,reply
DAILY?!?,2023-03-06T22:54:03.000Z,1,0,1,409,false,2026-01-07T19:53:10.023Z,reply
"drop the number",2023-03-05T21:58:21.000Z,1,0,0,443,false,2026-01-07T19:53:16.695Z,reply
"Neither, it’s an intended feature",2023-03-05T05:25:54.000Z,4,0,0,108,false,2026-01-07T19:53:23.033Z,reply
"On a Wednesday is crazy but don’t let that stop you",2023-03-02T04:59:34.000Z,0,0,0,153,false,2026-01-07T19:53:28.523Z,reply
"You’re too young to give up",2023-03-02T04:58:17.000Z,0,0,0,327,false,2026-01-07T19:53:34.562Z,reply
"@KentoFPS I still get nightmares about misdroning behind astro desk",2023-03-02T00:56:16.000Z,3,0,0,470,false,2026-01-07T19:53:40.814Z,reply
"You’re test subject 1",2023-03-02T00:55:37.000Z,0,0,0,314,false,2026-01-07T19:53:46.540Z,reply
"Fight back @riftxoxo",2023-03-01T04:45:17.000Z,0,0,0,51,false,2026-01-07T19:53:52.310Z,reply
"You left jMr to decay with Poison.X13",2023-02-28T18:52:44.000Z,2,0,1,267,false,2026-01-07T19:53:59.142Z,reply
"I’m going next summer ",2023-06-08T00:37:02.000Z,0,0,1,38,false,2026-01-07T20:03:36.750Z,reply
"Thats fucked up, look at this food I had at the airport though",2023-06-02T02:36:05.000Z,37,0,3,1.2K,false,2026-01-07T20:03:42.454Z,reply
"Miss us",2023-05-13T21:37:05.000Z,1,0,1,150,false,2026-01-07T20:03:49.409Z,reply
"Care to clarify what’s so funny??",2023-04-16T20:41:14.000Z,2,0,1,757,false,2026-01-07T20:03:56.021Z,reply
"Imagine where you would be in life if you put this energy into job applications",2023-03-27T21:07:59.000Z,0,0,0,103,false,2026-01-07T20:04:02.684Z,reply
"I could make this for $2.73",2023-03-17T00:27:11.000Z,0,0,1,372,false,2026-01-07T20:04:08.139Z,reply
"Mashallah brother Rampy",2023-03-14T00:55:21.000Z,35,0,1,975,false,2026-01-07T20:04:13.282Z,reply
"Do you only have 3 fingers",2023-03-12T20:56:48.000Z,1,0,1,306,false,2026-01-07T20:04:18.894Z,reply
"I went to Wisconsin and no one knew you lil bro",2023-03-06T23:18:55.000Z,0,0,0,242,false,2026-01-07T20:04:23.852Z,reply
"I remember photoshopping this",2023-02-28T18:45:21.000Z,1,0,0,299,false,2026-01-07T20:04:30.014Z,reply
"You guys are snakes for dropping jMr, I had to take him back to greatness on joe academy",2023-02-28T18:45:15.000Z,3,0,2,377,false,2026-01-07T20:04:36.187Z,reply
"Nyx senvale icecold whimpy dscovr, nt though",2023-02-28T18:30:03.000Z,3,0,0,621,false,2026-01-07T20:04:42.668Z,reply
"We’re good",2023-02-28T04:39:27.000Z,1,0,0,347,false,2026-01-07T20:04:50.228Z,reply
"Right city but wrong location ",2023-02-28T04:22:00.000Z,0,0,0,127,false,2026-01-07T20:04:57.182Z,reply
"You can get around most of the sites by telling it to write a certain way, I forget how exactly but you can find it online",2023-02-28T02:46:09.000Z,0,0,0,251,false,2026-01-07T20:05:03.091Z,reply
"Still in retirement for now…",2023-03-27T20:57:14.000Z,0,0,0,148,false,2026-01-07T20:05:37.995Z,reply
Beast,2023-02-28T01:37:41.000Z,1,0,0,350,false,2026-01-07T20:05:43.963Z,reply
@DripBoolin,2023-02-28T01:19:38.000Z,0,0,0,695,false,2026-01-07T20:05:49.797Z,reply
"I am the one actively parking in her parking spot",2023-02-27T04:19:36.000Z,0,0,0,43,false,2026-01-07T20:05:54.933Z,reply
"I’ll send you the contract soon",2023-02-27T01:39:31.000Z,1,0,0,229,false,2026-01-07T20:06:00.647Z,reply
"You got me calm for the rest of my night",2023-02-25T23:14:38.000Z,1,0,0,267,false,2026-01-07T20:06:06.388Z,reply
"",2023-02-25T21:17:30.000Z,0,0,0,107,false,2026-01-07T20:06:13.052Z,reply
no,2023-02-25T06:05:24.000Z,0,0,0,68,false,2026-01-07T20:06:18.319Z,reply
"I never did, lets run it up",2023-02-25T06:04:56.000Z,0,0,1,371,false,2026-01-07T20:06:25.991Z,reply
"Looking for icecold after he said hes storming the stage",2023-02-25T03:55:03.000Z,24,0,0,1.2K,false,2026-01-07T20:06:31.544Z,reply
"Glad I aired ur ranked invite",2023-02-25T03:47:48.000Z,0,0,0,553,false,2026-01-07T20:06:37.507Z,reply
@doqR6s,2023-02-25T03:30:11.000Z,3,0,1,156,false,2026-01-07T20:06:43.739Z,reply
"I got sfcl quals with the gang",2023-02-25T02:54:49.000Z,0,0,0,211,false,2026-01-07T20:06:49.554Z,reply
"Bro doesn’t have to imagine",2023-02-25T02:01:34.000Z,1,0,0,98,false,2026-01-07T20:06:55.270Z,reply
"",2023-02-25T01:08:58.000Z,3,0,0,714,false,2026-01-07T20:07:01.885Z,reply
"ur washed sadly",2023-02-24T20:24:33.000Z,0,0,1,117,false,2026-01-07T20:07:08.146Z,reply
"people finding my twitter is deadass my biggest fear",2023-02-24T05:18:46.000Z,1,0,1,41,false,2026-01-07T20:07:13.909Z,reply
"Bro got his identity stolen ggs",2023-02-24T04:37:02.000Z,2,0,0,72,false,2026-01-07T20:07:19.381Z,reply
"Reply with ur signature",2023-02-24T04:31:36.000Z,1,0,1,362,false,2026-01-07T20:07:26.680Z,reply
Roster?,2023-02-24T02:27:51.000Z,3,0,1,803,false,2026-01-07T20:07:31.938Z,reply
"is this you",2023-02-24T01:57:41.000Z,3,0,2,254,false,2026-01-07T20:07:38.322Z,reply
"Sore where ?",2023-02-23T23:27:33.000Z,0,0,1,413,false,2026-01-07T20:07:45.672Z,reply
"Whats the roster lookin like",2023-02-23T22:59:32.000Z,1,0,1,603,false,2026-01-07T20:07:51.634Z,reply
"Yeah shits rough out here I can’t even lie",2023-02-23T00:15:05.000Z,1,0,1,449,false,2026-01-07T20:07:58.764Z,reply
"I think I was the last ESA champ so I should get auto invited",2023-02-22T21:36:37.000Z,1,0,1,589,false,2026-01-07T20:08:04.985Z,reply
"Of course you don’t want to see more diversity at the majors. Disgusting!",2023-02-22T18:33:59.000Z,31,0,1,1.9K,false,2026-01-07T20:08:10.878Z,reply
"Yeah but they’re all terrible",2023-02-22T18:30:13.000Z,3,0,1,149,false,2026-01-07T20:08:17.724Z,reply
"@DripBoolin   @kartli_  where is he going??",2023-02-22T18:12:41.000Z,1,0,0,1.1K,false,2026-01-07T20:08:24.144Z,reply
"I’ll see bout some time in the summer but prolly next winter when its cold as balls here, I gotta see both of you + Karan again",2023-02-22T03:14:41.000Z,2,0,1,193,false,2026-01-07T20:08:31.632Z,reply
"You’re not excited to watch joe esports vs unemployment at next SI?",2023-02-22T01:03:07.000Z,48,0,1,1.9K,false,2026-01-07T20:08:37.992Z,reply
"Even after all the recruiting we did at le skratch? He’s so fake",2023-02-22T00:26:03.000Z,4,0,1,468,false,2026-01-07T20:08:44.679Z,reply
"@WhimpyKid2  theres hope for you",2023-02-21T23:51:59.000Z,2,0,0,811,false,2026-01-07T20:08:51.464Z,reply
"R6Kale pulling the strap out at the next event",2023-02-21T23:49:56.000Z,20,0,1,1.5K,false,2026-01-07T20:08:58.585Z,reply
"I clocked in this morning at 9:30am, you wish you were me so bad",2023-02-21T23:46:17.000Z,0,0,0,132,false,2026-01-07T20:09:04.630Z,reply
"Bro’s a skilled photographer ",2023-02-21T23:44:30.000Z,3,0,2,688,false,2026-01-07T20:09:11.717Z,reply
"Left in the first pic yeah",2023-02-21T23:43:42.000Z,1,0,1,47,false,2026-01-07T20:09:17.811Z,reply
"My boy",2023-02-21T23:06:00.000Z,1,0,0,157,false,2026-01-07T20:09:24.545Z,reply
"I got you with the soy sauce special  @WhimpyKid2",2023-02-21T15:31:22.000Z,1,0,1,326,false,2026-01-07T20:09:31.113Z,reply
"Ice spice twerking highlights",2023-02-21T15:09:06.000Z,2,0,0,3.1K,false,2026-01-07T20:09:36.806Z,reply
"After what I witnessed, I think you’re done for P",2023-02-21T03:30:32.000Z,1,0,0,86,false,2026-01-07T20:09:43.120Z,reply
"This tweet being cooked up",2023-02-21T03:29:08.000Z,1,0,0,98,false,2026-01-07T20:09:47.878Z,reply
"@kartli_  found his wife fr",2023-02-21T00:54:53.000Z,2,0,0,377,false,2026-01-07T20:09:54.451Z,reply
"",2023-02-21T00:49:53.000Z,7,0,4,886,false,2026-01-07T20:10:00.813Z,reply
"Bro was hitting the dry runs",2023-02-21T00:19:04.000Z,0,0,0,163,false,2026-01-07T20:10:06.684Z,reply
"This is a Duke Dennis rizz moment for sure",2023-02-21T00:10:20.000Z,8,0,1,436,false,2026-01-07T20:10:13.726Z,reply
"Video was forged, I can vouch for my boy P",2023-02-20T23:50:10.000Z,3,0,2,750,false,2026-01-07T20:10:20.323Z,reply
"",2023-02-20T19:48:41.000Z,1,0,0,162,false,2026-01-07T20:10:26.699Z,reply
"That salsatech got a little rowdy",2023-02-20T19:48:29.000Z,2,0,0,726,false,2026-01-07T20:10:33.603Z,reply
"That boy Max1",2023-02-20T19:36:11.000Z,1,0,1,613,false,2026-01-07T20:10:40.206Z,reply
"Love yall",2023-02-20T09:27:44.000Z,5,0,1,458,false,2026-01-07T20:10:46.554Z,reply
"The goats",2023-02-20T08:59:58.000Z,1,0,0,306,false,2026-01-07T20:10:51.930Z,reply
"Highlight of my weekend",2023-02-20T07:35:43.000Z,17,0,1,2.1K,false,2026-01-07T20:10:57.920Z,reply
"My boy",2023-02-20T06:29:43.000Z,0,0,1,317,false,2026-01-07T20:11:03.684Z,reply
" till next time",2023-02-20T06:25:46.000Z,1,0,0,449,false,2026-01-07T20:11:10.103Z,reply
"Come to Le Skratch my boy",2023-02-20T04:29:42.000Z,7,0,1,762,false,2026-01-07T20:11:16.250Z,reply
"That kyno turkey and cheese special",2023-02-20T03:46:08.000Z,3,0,0,624,false,2026-01-07T20:11:21.921Z,reply
"Aint nothing compared to that subway",2023-02-20T03:13:28.000Z,1,0,0,442,false,2026-01-07T20:11:28.128Z,reply
"I miss you Seb come through",2023-02-20T01:10:10.000Z,0,0,1,213,false,2026-01-07T20:11:35.081Z,reply
"I agree it’s not funny, not sure why you would say that",2023-02-19T21:32:49.000Z,10,0,0,354,false,2026-01-07T20:11:40.815Z,reply
"I don’t appreciate you gaslighting me like this",2023-02-19T21:17:00.000Z,9,0,1,575,false,2026-01-07T20:11:48.098Z,reply
"Please do not double back on your word now",2023-02-19T21:12:16.000Z,24,0,0,945,false,2026-01-07T20:11:54.817Z,reply
"@DripBoolin  look at this fucking criminal",2023-02-19T20:59:41.000Z,2,0,0,442,false,2026-01-07T20:12:00.839Z,reply
"@KynoR6  save me a bed at the Biondi house",2023-02-19T19:46:03.000Z,5,0,0,1.7K,false,2026-01-07T20:12:08.160Z,reply
"@Ambi_R6  we running it back my boy?",2023-02-19T19:18:26.000Z,1,0,1,436,false,2026-01-07T20:12:13.581Z,reply
"",2023-02-19T18:19:10.000Z,13,0,0,949,false,2026-01-07T20:12:19.331Z,reply
"Whimpy e dscovr tao aqui em casa cola pra entrevistar eles",2023-02-19T17:20:27.000Z,3,0,0,396,false,2026-01-07T20:12:24.293Z,reply
"That ukraine tribute piece",2023-02-19T08:32:06.000Z,1,0,0,127,false,2026-01-07T20:12:30.066Z,reply
"Heard that my boy",2023-02-19T08:31:02.000Z,3,0,0,311,false,2026-01-07T20:12:34.884Z,reply
"Plug in for the night my boy we gotta get active again tomorrow",2023-02-19T08:29:21.000Z,5,0,1,461,false,2026-01-07T20:12:41.001Z,reply
"@DripBoolin  said he can take you",2023-02-19T08:28:39.000Z,37,0,1,5.3K,false,2026-01-07T20:12:47.172Z,reply
"Not in a fight though",2023-02-19T08:28:48.000Z,13,0,2,1.5K,false,2026-01-07T20:12:52.998Z,reply
"@WhimpyKid2   @Dscovr_   @kartli_   @KynoR6   @Yoggah_   @HyperR6S   @FrozenR6",2023-02-19T04:11:45.000Z,1,0,2,988,false,2026-01-07T20:12:59.621Z,reply
"In a dead nun cemetery",2023-02-19T03:38:34.000Z,0,0,0,128,false,2026-01-07T20:13:05.434Z,reply
@WhimpyKid2,2023-02-19T00:27:57.000Z,1,0,0,186,false,2026-01-07T20:13:11.186Z,reply
Hi,2023-02-19T00:15:17.000Z,14,0,2,914,false,2026-01-07T20:13:16.527Z,reply
"",2023-02-18T22:58:49.000Z,11,0,1,1K,false,2026-01-07T20:13:23.195Z,reply
@WhimpyKid2,2023-02-18T08:12:34.000Z,1,0,0,479,false,2026-01-07T20:13:29.205Z,reply
"@MrB_R6  let that boy drive",2023-02-18T08:06:30.000Z,1,0,1,164,false,2026-01-07T20:13:35.498Z,reply
"Be deadass my boy",2023-02-18T07:48:55.000Z,33,0,1,1.6K,false,2026-01-07T20:13:41.378Z,reply
"You dont know that, try it out",2023-02-18T07:48:06.000Z,1,0,1,195,false,2026-01-07T20:13:47.078Z,reply
Gotchu,2023-02-18T07:43:11.000Z,0,0,0,322,false,2026-01-07T20:13:52.339Z,reply
"Save some for the rest of us (me and  @WhimpyKid2  )",2023-02-18T07:42:32.000Z,2,0,0,354,false,2026-01-07T20:13:58.779Z,reply
"Im tapped out my boy",2023-02-18T07:42:01.000Z,0,0,1,342,false,2026-01-07T20:14:04.577Z,reply
"It was a last minute decision",2023-02-18T07:23:14.000Z,0,0,0,89,false,2026-01-07T20:14:10.994Z,reply
"",2023-02-18T06:46:34.000Z,1,0,0,219,false,2026-01-07T20:14:17.505Z,reply
"3v3 calling our name my boy",2023-02-18T06:16:50.000Z,0,0,1,376,false,2026-01-07T20:14:23.536Z,reply
"Big fan, lemme grab a pic",2023-02-17T23:37:38.000Z,0,0,0,397,false,2026-01-07T20:14:29.517Z,reply
"",2023-02-17T20:26:29.000Z,17,0,0,476,false,2026-01-07T20:14:34.976Z,reply
"Real notsaadR6 fans have been knowing",2023-02-17T20:08:34.000Z,4,0,1,236,false,2026-01-07T20:14:40.703Z,reply
"I loved your blue fur, thanks for letting us grab a pic!",2023-02-17T18:20:05.000Z,16,0,0,464,false,2026-01-07T20:14:47.586Z,reply
"Nah bro right one",2023-02-17T18:16:21.000Z,1,0,1,96,false,2026-01-07T20:14:53.866Z,reply
"No, that doubletree walk is no joke",2023-02-17T07:54:21.000Z,1,0,0,218,false,2026-01-07T20:14:59.359Z,reply
"@DripBoolin  if there was one thing that could ruin his movie experience what do you think it could be?",2023-02-17T07:52:47.000Z,1,0,1,558,false,2026-01-07T20:15:05.928Z,reply
"It is, but you can only go up from there",2023-02-17T02:19:14.000Z,0,0,0,64,false,2026-01-07T20:15:11.418Z,reply
"if you can watch that you can watch any game",2023-02-17T02:15:59.000Z,0,0,0,418,false,2026-01-07T20:15:17.865Z,reply
"watch wolves bournemouth this weekend",2023-02-17T01:48:08.000Z,2,0,1,358,false,2026-01-07T20:15:24.380Z,reply
"im just kidding if I was 5'5 as a man I would not be here today",2023-02-17T01:45:04.000Z,0,0,1,94,false,2026-01-07T20:15:29.698Z,reply
"It sounds like something I would say and I’m 5’5",2023-02-17T01:21:43.000Z,2,0,1,79,false,2026-01-07T20:15:36.300Z,reply
"Much appreciated.",2023-02-17T01:03:04.000Z,1,0,0,115,false,2026-01-07T20:15:43.214Z,reply
"I cant wait to take a picture with my favourite pro player",2023-02-16T21:07:31.000Z,2,0,0,312,false,2026-01-07T20:15:49.317Z,reply
"Tell her I’ll be there soon",2023-02-16T21:04:40.000Z,1,0,1,98,false,2026-01-07T20:15:54.487Z,reply
"Race reveal tomorrow set ur timer",2023-02-16T21:02:50.000Z,0,0,0,51,false,2026-01-07T20:15:59.682Z,reply
"Save me a seat",2023-02-16T05:51:46.000Z,3,0,0,300,false,2026-01-07T20:17:26.580Z,reply
"I don’t fully remember what I did in precalc, but going off the fact its called precalc I’m gonna say yes",2023-02-16T05:50:41.000Z,1,0,1,79,false,2026-01-07T20:17:33.925Z,reply
"Yeah I got no idea, you don't really touch the unit circle again after precalc. I'm sure chatgpt got you though",2023-02-16T04:52:41.000Z,2,0,1,62,false,2026-01-07T20:17:40.273Z,reply
"What is it",2023-02-16T04:38:05.000Z,0,0,1,271,false,2026-01-07T20:17:45.485Z,reply
"ambi and dscovr linking on a math test is like lebron and mj linking up",2023-02-15T04:07:08.000Z,4,0,0,158,false,2026-01-07T20:17:51.110Z,reply
"Little to-go action?  @Yoggah_",2023-02-15T03:33:32.000Z,0,0,1,421,false,2026-01-07T20:17:57.388Z,reply
"Tap in to find out",2023-02-15T03:23:39.000Z,0,0,0,14,false,2026-01-07T20:18:02.464Z,reply
"Awesome news, I hope I can grab a picture with you, I’m a big fan!",2023-02-14T18:33:07.000Z,6,0,1,390,false,2026-01-07T20:18:07.834Z,reply
"When he lets u fuck his neck hole for valentines ",2023-02-14T18:24:36.000Z,1,0,0,193,false,2026-01-07T20:18:14.054Z,reply
"stay safe Jim, scary situation",2023-02-14T02:52:47.000Z,2,0,0,305,false,2026-01-07T20:18:20.065Z,reply
Banger,2023-02-12T03:14:25.000Z,4,0,0,1.5K,false,2026-01-07T20:18:25.440Z,reply
"Had had is proper english glomojiR6",2023-02-11T07:32:10.000Z,2,0,0,81,false,2026-01-07T20:18:30.463Z,reply
"I can’t risk a potential employer seeing my twitter bro",2023-02-10T17:21:53.000Z,4,0,1,223,false,2026-01-07T20:18:35.803Z,reply
"Wei2yue when its time to tweet about dripboolin while shirtless in Bali instead of working",2023-02-10T17:11:33.000Z,35,0,3,758,false,2026-01-07T20:18:41.303Z,reply
"Tell the passport workers you know me, they’ll get it done",2023-02-10T00:10:23.000Z,8,0,0,475,false,2026-01-07T20:18:47.039Z,reply
"cant wait for tomorrows tweet",2023-02-09T23:21:48.000Z,3,0,0,470,false,2026-01-07T20:18:52.404Z,reply
"Montreal is my favourite city in North America mainly for that reason",2023-02-09T18:59:43.000Z,1,0,0,253,false,2026-01-07T20:18:58.712Z,reply
"League is INSANE",2023-02-09T15:28:49.000Z,2,0,1,113,false,2026-01-07T20:19:04.918Z,reply
"Happy birthday big dawg",2023-02-09T15:27:56.000Z,0,0,0,229,false,2026-01-07T20:19:10.283Z,reply
"I’ve been to like 10% of my classes so far this semester but I’m changing that starting now",2023-02-07T22:13:45.000Z,0,0,0,8,false,2026-01-07T20:19:16.435Z,reply
"They need you to lead them to victory",2023-02-07T20:13:18.000Z,3,0,0,377,false,2026-01-07T20:19:23.030Z,reply
"Haaland vs Wrexham",2023-02-07T18:38:43.000Z,3,0,0,237,false,2026-01-07T20:19:29.587Z,reply
"",2023-02-07T17:12:00.000Z,2,0,0,307,false,2026-01-07T20:19:36.480Z,reply
"Do you accept EBT?",2023-02-06T02:41:12.000Z,3,0,1,762,false,2026-01-07T20:19:43.371Z,reply
"Jager and bandit hannukah skin",2023-02-05T01:10:52.000Z,3,0,0,228,false,2026-01-07T20:19:50.772Z,reply
"Cosplayers storm the stage and brutually behead all 10 players in the grand final",2023-02-04T17:11:01.000Z,35,0,0,643,false,2026-01-07T20:19:56.909Z,reply
"Me looking at the 29 year old father of 3 flossing in his Iana elite cosplay",2023-02-04T16:32:33.000Z,37,0,0,855,false,2026-01-07T20:20:03.215Z,reply
"Lemme get a backpack",2023-02-04T15:39:44.000Z,2,0,0,342,false,2026-01-07T20:20:09.345Z,reply
"@WhimpyKid2  lets recreate this in 2 weeks",2023-02-03T21:49:49.000Z,3,0,0,832,false,2026-01-07T20:20:14.579Z,reply
"It’ll be pretty mild after Saturday",2023-02-03T20:07:15.000Z,1,0,1,453,false,2026-01-07T20:20:19.973Z,reply
"This was me yesterday",2023-02-02T17:34:03.000Z,1,0,1,241,false,2026-01-07T20:20:26.462Z,reply
"Bro picked social suicide",2023-01-31T00:30:58.000Z,6,0,0,315,false,2026-01-07T20:20:32.048Z,reply
"I lost week 2",2023-01-28T21:47:42.000Z,1,0,0,46,false,2026-01-07T20:20:37.323Z,reply
"Its intership application season and if any employer sees my twitter im shot on the spot",2023-01-27T01:52:50.000Z,4,0,2,466,false,2026-01-07T20:20:43.717Z,reply
@AugFPS,2023-01-26T19:50:50.000Z,10,0,1,1.5K,false,2026-01-07T20:20:48.960Z,reply
"Nice try guys  @GasherR6   @RethinkinR6",2023-01-26T18:38:02.000Z,4,0,0,807,false,2026-01-07T20:20:55.605Z,reply
Wow,2023-01-24T21:19:15.000Z,1,0,0,22,false,2026-01-07T20:21:01.009Z,reply
Congrats,2023-01-24T13:48:10.000Z,4,0,0,979,false,2026-01-07T20:21:06.527Z,reply
"yeah I am",2023-01-24T03:00:55.000Z,0,0,0,186,false,2026-01-07T20:21:12.879Z,reply
"@ZanderR6S  was 31 doing his phd when he played",2023-01-23T03:23:40.000Z,3,0,2,871,false,2026-01-07T20:21:18.039Z,reply
"",2023-01-23T03:21:18.000Z,4,0,1,1.2K,false,2026-01-07T20:21:23.357Z,reply
"Saif thought the bills and the jets were the same team btw",2023-01-22T20:29:11.000Z,1,0,1,423,false,2026-01-07T20:21:30.481Z,reply
Ranky?,2023-01-22T20:09:05.000Z,6,0,0,915,false,2026-01-07T20:21:36.878Z,reply
"Heyyyyy we can get matching tshirts",2023-01-22T01:24:26.000Z,3,0,0,160,false,2026-01-07T20:21:42.985Z,reply
"",2023-01-21T23:24:18.000Z,4,0,0,493,false,2026-01-07T20:21:50.183Z,reply
"No worries bro lmk if u need any ",2023-01-21T21:29:12.000Z,0,0,0,116,false,2026-01-07T20:21:56.624Z,reply
?,2023-01-21T15:14:56.000Z,2,0,2,140,false,2026-01-07T20:22:03.581Z,reply
"@RethinkinR6  was Donovan Mitchell there",2023-01-21T05:10:41.000Z,1,0,1,292,false,2026-01-07T20:22:08.963Z,reply
"My immune system",2023-01-20T18:35:09.000Z,2,0,0,108,false,2026-01-07T20:22:13.993Z,reply
"Surely this isn’t normal",2023-01-20T18:34:34.000Z,1,0,0,42,false,2026-01-07T20:22:19.431Z,reply
"This is how I feel about  @DripBoolin",2023-01-17T22:36:18.000Z,8,0,0,684,false,2026-01-07T20:22:24.581Z,reply
"My bad tho",2023-01-17T04:33:40.000Z,0,0,0,14,false,2026-01-07T20:22:29.773Z,reply
"Ratio again",2023-01-17T04:33:31.000Z,6,1,1,188,false,2026-01-07T20:22:35.921Z,reply
"Happy birthday baby",2023-01-17T04:32:25.000Z,1,0,1,226,false,2026-01-07T20:22:42.371Z,reply
"Makes it heat up faster ",2023-01-16T04:54:10.000Z,0,0,0,298,false,2026-01-07T20:22:49.137Z,reply
@WhimpyKid2,2023-01-16T03:26:51.000Z,2,0,0,403,false,2026-01-07T20:22:54.868Z,reply
"Me looking at the dude in the full LV fit ask me to get him something from the vending machine",2023-01-16T03:26:39.000Z,13,0,1,771,false,2026-01-07T20:23:01.518Z,reply
"nt  @RethinkinR6",2023-01-11T14:05:52.000Z,1,0,0,654,false,2026-01-07T20:23:08.125Z,reply
"",2023-01-11T04:33:04.000Z,0,0,1,75,false,2026-01-07T20:23:13.822Z,reply
"Nah bro, he just popped a titty and started pumping",2020-10-22T04:21:53.000Z,5,0,0,0,false,2026-01-07T20:23:19.826Z,reply
"I saw this on my tl and had to tweet bout it bro LMFAO",2020-10-22T04:21:23.000Z,1,0,0,0,false,2026-01-07T20:23:26.216Z,reply
"Adam saw a dying kitten on the side of the road and started breastfeeding it right then and there to save it’s life, vouch.",2020-10-22T04:20:49.000Z,8,0,2,0,false,2026-01-07T20:23:33.139Z,reply
"Mfs really out with the homies and order a glass of orange juice LMFAOOO",2020-10-22T04:18:17.000Z,6,0,0,0,false,2026-01-07T20:23:39.443Z,reply
"Y’all dont already???",2020-10-22T04:16:08.000Z,2,0,0,0,false,2026-01-07T20:23:45.636Z,reply
"",2020-10-22T03:50:39.000Z,11,0,2,0,false,2026-01-07T20:23:51.165Z,reply
"I would let you put me in a chokehold just so I can be within inches of your hunky biceps",2020-10-22T03:47:01.000Z,7,0,0,0,false,2026-01-07T20:23:57.482Z,reply
"1 like and I'll leak",2020-10-22T03:05:24.000Z,12,0,2,0,false,2026-01-07T20:24:03.439Z,reply
"My reaction time has always been shit idk",2020-10-22T02:44:30.000Z,1,0,1,0,false,2026-01-07T20:24:09.395Z,reply
"i got that 65 year old reaction time",2020-10-22T02:10:37.000Z,0,0,0,0,false,2026-01-07T20:24:16.026Z,reply
"demon time ",2020-10-22T02:10:23.000Z,2,0,0,0,false,2026-01-07T20:24:22.940Z,reply
"aint no way you didnt cheat",2020-10-22T02:07:26.000Z,0,0,0,0,false,2026-01-07T20:24:29.404Z,reply
"its like some weird number memory thing",2020-10-22T02:05:47.000Z,3,0,0,0,false,2026-01-07T20:24:34.510Z,reply
"link the playlist jazz",2020-10-22T02:04:21.000Z,1,0,1,0,false,2026-01-07T20:24:40.970Z,reply
"he can see this yk???",2020-10-22T01:08:11.000Z,3,0,1,0,false,2026-01-07T20:24:46.591Z,reply
"He’s restarting his pc",2020-10-21T22:56:19.000Z,1,0,0,0,false,2026-01-07T20:24:53.286Z,reply
"rn man",2020-10-21T22:51:28.000Z,0,0,1,0,false,2026-01-07T20:24:59.167Z,reply
When,2020-10-21T22:31:31.000Z,0,0,0,0,false,2026-01-07T20:25:05.716Z,reply
"",2020-10-21T22:28:33.000Z,0,0,0,0,false,2026-01-07T20:25:12.288Z,reply
"Who gon tell him...  @RethinkinR6   @SubarcticR6   @ggnawz",2020-10-21T22:25:57.000Z,0,0,2,0,false,2026-01-07T20:25:19.019Z,reply
"yall lfs today???",2020-10-21T21:53:52.000Z,1,0,0,0,false,2026-01-07T20:25:24.963Z,reply
LOL,2020-10-21T19:10:24.000Z,4,0,0,0,false,2026-01-07T20:25:31.362Z,reply
"",2020-10-21T17:46:08.000Z,3,0,0,0,false,2026-01-07T20:25:37.701Z,reply
sup,2020-10-21T15:22:43.000Z,2,0,0,0,false,2026-01-07T20:25:43.115Z,reply
paid???,2020-10-21T04:31:36.000Z,2,0,1,0,false,2026-01-07T20:25:50.345Z,reply
"",2020-10-21T04:28:57.000Z,5,0,0,0,false,2026-01-07T20:25:55.562Z,reply
"",2020-10-21T04:27:54.000Z,3,0,0,0,false,2026-01-07T20:26:01.676Z,reply
"",2020-10-21T04:27:22.000Z,3,0,0,0,false,2026-01-07T20:26:07.117Z,reply
"Demon time",2020-10-21T04:27:12.000Z,0,0,1,0,false,2026-01-07T20:26:11.932Z,reply
"Dog would never",2020-10-21T03:26:23.000Z,4,0,0,0,false,2026-01-07T20:26:17.902Z,reply
"This reminds me I saw ur val message but didnt know how to reply LMFAO. I played one game and got off",2020-10-21T03:12:23.000Z,0,0,1,0,false,2026-01-07T20:26:22.670Z,reply
"We’re talkin bout joe cl and joe acad teams",2020-10-21T02:57:09.000Z,0,0,1,0,false,2026-01-07T20:26:29.826Z,reply
"Only one of em can win games ",2020-10-21T02:16:27.000Z,3,0,1,0,false,2026-01-07T20:26:35.299Z,reply
???,2020-10-21T02:06:31.000Z,4,0,2,0,false,2026-01-07T20:26:42.202Z,reply
"",2020-10-21T01:38:06.000Z,3,0,0,0,false,2026-01-07T20:26:48.723Z,reply
"I want to be able to sleep",2020-10-20T22:41:57.000Z,0,0,0,0,false,2026-01-07T20:26:55.314Z,reply
"because that is too late",2020-10-20T22:41:24.000Z,1,0,2,0,false,2026-01-07T20:27:02.848Z,reply
no,2020-10-20T22:37:46.000Z,2,0,1,0,false,2026-01-07T20:27:09.496Z,reply
"I WANT TO LISTEN TO NEW UP AND COMING RAPPERS PLEASE LINK SONGS HERE",2020-10-20T22:05:52.000Z,3,0,0,0,false,2026-01-07T20:27:16.368Z,reply
"cookin up",2020-10-20T21:52:06.000Z,2,0,0,0,false,2026-01-07T20:27:21.851Z,reply
"I got a 90 on mine, would’ve been a 100 with 10 more minutes of time ",2020-10-20T17:44:16.000Z,1,0,1,0,false,2026-01-07T20:27:28.101Z,reply
"I killed that dude later in the round cuz im built different ",2020-10-20T17:42:20.000Z,8,0,0,0,false,2026-01-07T20:27:33.478Z,reply
"",2020-10-20T16:36:27.000Z,0,0,0,0,false,2026-01-07T20:27:39.039Z,reply
"",2020-10-20T16:36:10.000Z,0,0,0,0,false,2026-01-07T20:27:45.005Z,reply
"This what I thought about while my teacher goin crazy on the board",2020-10-20T16:36:02.000Z,4,0,0,0,false,2026-01-07T20:27:51.273Z,reply
"Cmon bruh",2020-10-20T14:02:00.000Z,2,0,0,0,false,2026-01-07T20:27:57.686Z,reply
"It’s in person bro",2020-10-20T14:00:56.000Z,2,0,1,0,false,2026-01-07T20:28:04.356Z,reply
"C and A ",2020-10-20T02:11:08.000Z,0,0,1,0,false,2026-01-07T20:28:11.394Z,reply
yes,2020-10-20T00:02:31.000Z,0,0,0,0,false,2026-01-07T20:28:16.702Z,reply
"he learned from the best (me)",2020-10-20T00:00:45.000Z,2,0,0,0,false,2026-01-07T20:28:22.065Z,reply
"demon time",2020-10-20T00:00:01.000Z,0,0,0,0,false,2026-01-07T20:28:28.329Z,reply
"banger ",2020-10-19T23:13:09.000Z,8,0,0,0,false,2026-01-07T20:28:35.239Z,reply
"love or hate them they are not wrong...",2020-10-19T23:09:44.000Z,21,0,0,0,false,2026-01-07T20:28:41.595Z,reply
Still?,2020-10-19T21:48:38.000Z,0,0,0,0,false,2026-01-07T20:28:47.875Z,reply
"And you powered down ",2020-10-19T21:15:32.000Z,0,0,1,0,false,2026-01-07T20:28:54.035Z,reply
"",2020-10-19T20:55:07.000Z,1,0,0,0,false,2026-01-07T20:28:59.919Z,reply
"Happy birthday Aug ",2020-10-19T20:51:09.000Z,4,0,0,0,false,2026-01-07T20:29:06.608Z,reply
"Im bri ish",2020-10-19T17:56:58.000Z,2,0,0,0,false,2026-01-07T20:29:13.881Z,reply
"",2020-10-19T16:23:43.000Z,6,0,0,0,false,2026-01-07T20:29:19.582Z,reply
"Big baller",2020-10-19T16:18:48.000Z,0,0,0,0,false,2026-01-07T20:29:26.416Z,reply
Proof,2020-10-19T15:03:28.000Z,0,0,1,0,false,2026-01-07T20:29:32.532Z,reply
"I had one bad game outta 7",2020-10-19T14:58:29.000Z,2,0,1,0,false,2026-01-07T20:29:38.912Z,reply
"Yeah, which is why youre down bad",2020-10-19T14:46:54.000Z,2,0,1,0,false,2026-01-07T20:29:43.776Z,reply
"Yeah like 6 hrs left",2020-10-19T04:52:25.000Z,1,0,0,0,false,2026-01-07T20:29:50.214Z,reply
Yes,2020-10-19T04:51:54.000Z,0,0,1,0,false,2026-01-07T20:29:56.522Z,reply
"",2020-10-19T00:53:52.000Z,0,0,0,0,false,2026-01-07T20:30:03.561Z,reply
"BushyTailHibana is a national threat on ash",2020-10-19T00:41:36.000Z,19,0,0,0,false,2026-01-07T20:30:09.597Z,reply
"no, please fill my void with twitter interactions",2020-10-19T00:36:20.000Z,4,0,0,0,false,2026-01-07T20:30:15.263Z,reply
"handler of dn ",2020-10-18T22:23:03.000Z,0,0,0,0,false,2026-01-07T20:30:21.008Z,reply
"",2020-10-18T19:09:16.000Z,0,0,1,0,false,2026-01-07T20:30:26.258Z,reply
"God is so good ",2020-10-18T19:09:03.000Z,4,0,0,0,false,2026-01-07T20:30:31.618Z,reply
DscovrPE,2020-10-18T16:35:41.000Z,3,0,0,0,false,2026-01-07T20:30:38.086Z,reply
"Prophecy got ran over by an 18 wheeler and is currently hospitalized",2020-10-18T16:35:16.000Z,4,0,1,0,false,2026-01-07T20:30:45.218Z,reply
no.,2020-10-18T15:41:47.000Z,1,0,0,0,false,2026-01-07T20:30:52.173Z,reply
"",2020-10-18T15:41:34.000Z,1,0,0,0,false,2026-01-07T20:30:58.401Z,reply
"",2020-10-17T23:30:27.000Z,2,0,0,0,false,2026-01-07T20:31:04.653Z,reply
When,2020-10-17T22:40:16.000Z,4,0,0,0,false,2026-01-07T20:31:10.264Z,reply
"I need bp tiers",2020-10-17T19:18:44.000Z,0,0,0,0,false,2026-01-07T20:31:16.786Z,reply
No???,2020-10-17T04:08:32.000Z,1,0,1,0,false,2026-01-07T20:31:22.316Z,reply
Incredible,2020-10-16T23:39:03.000Z,2,0,0,0,false,2026-01-07T20:31:28.212Z,reply
@Exo_R6,2020-10-16T23:14:08.000Z,2,0,1,0,false,2026-01-07T20:31:34.998Z,reply
"Ratio’d by aug down bad",2020-10-16T22:08:20.000Z,34,0,0,0,false,2026-01-07T20:31:42.329Z,reply
"PLAY DN ",2020-10-16T22:00:57.000Z,1,0,0,0,false,2026-01-07T20:31:47.525Z,reply
"We don’t like you ",2020-10-16T21:51:01.000Z,6,0,1,0,false,2026-01-07T20:31:53.898Z,reply
"",2020-10-16T21:45:21.000Z,4,0,0,0,false,2026-01-07T20:32:00.869Z,reply
"We good ",2020-10-16T21:43:02.000Z,5,0,1,0,false,2026-01-07T20:32:07.083Z,reply
Banger,2020-10-16T21:21:49.000Z,0,0,1,0,false,2026-01-07T20:32:13.321Z,reply
"",2020-10-16T21:19:09.000Z,0,0,1,0,false,2026-01-07T20:32:19.573Z,reply
"This is how you should play cause you stink",2020-10-16T21:19:01.000Z,2,0,1,0,false,2026-01-07T20:32:26.517Z,reply
"Me after putting FAFSA money on a 8 legger",2023-03-27T20:55:38.000Z,0,0,0,171,false,2026-01-07T20:43:07.805Z,reply
"Good luck oozdog",2023-02-27T00:15:59.000Z,3,0,1,940,false,2026-01-07T20:43:14.064Z,reply
"im back baby",2023-02-25T03:27:24.000Z,11,0,4,1K,false,2026-01-07T20:43:20.261Z,reply
"its time my boy",2023-02-24T17:24:07.000Z,1,0,1,316,false,2026-01-07T20:43:25.767Z,reply
Beastmode,2023-02-22T02:08:17.000Z,7,0,1,634,false,2026-01-07T20:43:32.489Z,reply
"Lets get the soy sauce flowing tonight my boy",2023-02-19T17:22:33.000Z,6,0,1,596,false,2026-01-07T20:43:39.103Z,reply
"Ev Nels whats happenin",2023-02-19T08:15:11.000Z,2,0,1,518,false,2026-01-07T20:43:44.538Z,reply
"Get 16 more in",2023-02-18T07:36:31.000Z,1,0,1,1.4K,false,2026-01-07T20:43:51.859Z,reply
"- 5'5 woman",2023-02-17T01:03:25.000Z,0,0,1,233,false,2026-01-07T20:43:57.447Z,reply
"I deleted all my betting apps I’m like 3 weeks clean I’m not coming back till summer ",2023-01-27T01:50:12.000Z,0,0,0,143,false,2026-01-07T20:44:03.643Z,reply
"Lets swap races for the year",2023-01-11T04:30:58.000Z,1,0,0,245,false,2026-01-07T20:44:10.424Z,reply
"Idk if youre worse at cs or r6 ranked",2020-10-21T22:24:21.000Z,0,0,0,0,false,2026-01-07T20:44:16.889Z,reply
"I know man, I am 6'2 and I can't even be 6'3... it's just so hard",2020-10-21T15:16:06.000Z,14,0,3,0,false,2026-01-07T20:44:22.617Z,reply
"You know what im gonna say...",2020-10-19T21:44:08.000Z,1,0,1,0,false,2026-01-07T20:44:29.686Z,reply
"If only this was against the deputy in rsa quals",2020-10-19T21:14:37.000Z,5,0,1,0,false,2026-01-07T20:44:35.328Z,reply
"",2020-10-19T17:39:06.000Z,6,0,1,0,false,2026-01-07T20:44:41.284Z,reply
"It’s only fun if you’re winning",2020-10-19T14:45:45.000Z,1,0,1,0,false,2026-01-07T20:44:46.857Z,reply
LFG,2020-10-17T03:46:40.000Z,6,0,1,0,false,2026-01-07T20:44:52.658Z,reply
"@jMrrrrrrrrr  this is how you play hibana",2020-10-16T21:13:41.000Z,2,0,1,0,false,2026-01-07T20:44:58.291Z,reply
"this game is a perfect state rn, no flaws #ad",2020-10-16T21:03:37.000Z,0,0,0,0,false,2026-01-07T20:45:03.559Z,reply
"Down awful",2020-10-16T18:13:38.000Z,1,0,0,0,false,2026-01-07T20:45:09.701Z,reply
Ranked,2020-10-16T18:12:47.000Z,0,0,0,0,false,2026-01-07T20:45:16.161Z,reply
"good tweet!",2020-10-16T02:28:01.000Z,7,0,0,0,false,2026-01-07T20:45:22.091Z,reply
"what time?",2020-10-16T02:23:29.000Z,0,0,0,0,false,2026-01-07T20:45:29.073Z,reply
"all 11 people that liked this tweet deserve a life sentence in Alcatraz",2020-10-16T02:16:29.000Z,18,0,0,0,false,2026-01-07T20:45:34.944Z,reply
"@AugFPS  @riftxoxo what happened",2020-10-16T02:10:43.000Z,0,0,0,0,false,2026-01-07T20:45:41.419Z,reply
@RethinkinR6,2020-10-15T21:14:45.000Z,1,0,1,0,false,2026-01-07T20:45:47.497Z,reply
"“we” ??? Speak for yourself",2020-10-15T20:34:46.000Z,6,0,1,0,false,2026-01-07T20:45:54.765Z,reply
"Nice ego",2020-10-15T20:22:47.000Z,5,0,1,0,false,2026-01-07T20:46:01.003Z,reply
WORD???,2020-10-15T18:55:58.000Z,3,0,1,0,false,2026-01-07T20:46:07.169Z,reply
"Yes but never with whatever that is",2020-10-15T18:36:27.000Z,0,0,1,0,false,2026-01-07T20:46:13.264Z,reply
"@R6Adapt is the right @",2020-10-15T00:44:19.000Z,2,0,2,0,false,2026-01-07T20:46:20.087Z,reply
"",2020-10-15T00:29:05.000Z,12,0,0,0,false,2026-01-07T20:46:26.824Z,reply
"",2020-10-15T00:22:55.000Z,19,0,0,0,false,2026-01-07T20:46:33.758Z,reply
"he costed them rounds too, i'll let it even out",2020-10-15T00:15:06.000Z,2,0,0,0,false,2026-01-07T20:46:39.649Z,reply
"thats cool, hope you find one ",2020-10-15T00:12:16.000Z,11,0,0,0,false,2026-01-07T20:46:46.178Z,reply
"",2020-10-14T23:06:29.000Z,6,0,0,0,false,2026-01-07T20:46:50.794Z,reply
"2020 has turned around since yesterday",2020-10-14T22:57:38.000Z,2,0,0,0,false,2026-01-07T20:46:56.036Z,reply
"I play siege like siege ",2020-10-14T21:38:45.000Z,8,0,0,0,false,2026-01-07T20:47:01.845Z,reply
"fakes expose themselves...",2020-10-14T21:10:01.000Z,17,0,0,0,false,2026-01-07T20:47:08.683Z,reply
"Hope y’all lose.",2020-10-14T20:19:59.000Z,3,0,1,0,false,2026-01-07T20:47:14.986Z,reply
"It’s gameday Saad that’s on you for doubting",2020-10-14T20:17:26.000Z,1,0,1,0,false,2026-01-07T20:47:20.681Z,reply
"Poison finna be us scrims last night, this one’s wraps",2020-10-14T20:14:41.000Z,1,0,1,0,false,2026-01-07T20:47:27.978Z,reply
"",2020-10-14T19:09:59.000Z,24,0,1,0,false,2026-01-07T20:47:34.783Z,reply
@itsSKO_,2020-10-14T18:03:28.000Z,0,0,2,0,false,2026-01-07T20:47:41.226Z,reply
"@Exo_R6  @AugFPS",2020-10-14T18:02:47.000Z,2,0,1,0,false,2026-01-07T20:47:47.231Z,reply
"",2020-10-14T17:05:11.000Z,0,0,1,0,false,2026-01-07T20:47:53.602Z,reply
"I told someone to d*e for going on border skylight and I got suspended",2020-10-14T16:17:21.000Z,23,0,0,0,false,2026-01-07T20:48:00.144Z,reply
Please,2020-10-14T15:55:21.000Z,2,0,1,0,false,2026-01-07T20:48:07.071Z,reply
"Scrims against xXWaffleMaker43 going crazy ",2020-10-14T00:19:57.000Z,2,0,0,0,false,2026-01-07T20:48:12.626Z,reply
"@jMrrrrrrrrr  you cooked up with this username ",2020-10-13T23:31:26.000Z,7,0,0,0,false,2026-01-07T20:48:19.361Z,reply
"Cmon bro",2020-10-13T22:37:44.000Z,0,0,0,0,false,2026-01-07T20:48:26.687Z,reply
"I got da 11 pro max rn but ain't no way im upgrading after a year",2020-10-13T22:19:48.000Z,0,0,0,0,false,2026-01-07T20:48:33.166Z,reply
"how was your nap though",2020-10-13T22:01:47.000Z,3,0,1,0,false,2026-01-07T20:48:40.093Z,reply
"Saltti banger",2020-10-13T21:41:15.000Z,5,0,1,0,false,2026-01-07T20:48:45.891Z,reply
"we can probably get it done",2020-10-13T21:36:01.000Z,3,0,0,0,false,2026-01-07T20:48:52.627Z,reply
"eh same shit",2020-10-13T21:35:06.000Z,1,0,0,0,false,2026-01-07T20:48:59.397Z,reply
"The fact people are entertaining such people is honestly insane to me...",2020-10-13T21:30:02.000Z,45,0,0,0,false,2026-01-07T20:49:06.191Z,reply
"cmon now LMFAO",2020-10-13T21:11:25.000Z,8,0,0,0,false,2026-01-07T20:49:11.388Z,reply
"ONE OF US.",2020-10-13T19:01:02.000Z,1,0,1,0,false,2026-01-07T20:49:17.782Z,reply
"5G made me gay",2020-10-13T17:58:27.000Z,10,0,1,0,false,2026-01-07T20:49:22.942Z,reply
"he has 200k followers bro it aint fair",2020-10-13T17:30:05.000Z,1,0,1,0,false,2026-01-07T20:49:28.964Z,reply
"absolutely not but I also need to finish my battle pass",2020-10-13T16:50:24.000Z,0,0,1,0,false,2026-01-07T20:49:34.515Z,reply
"look at those big badonkers ",2020-10-13T04:41:01.000Z,4,0,0,0,false,2026-01-07T20:49:40.909Z,reply
"His name speaks for itself",2020-10-13T03:21:49.000Z,6,0,1,0,false,2026-01-07T20:49:46.669Z,reply
STOPPING?!!??,2020-10-13T01:32:41.000Z,18,0,0,0,false,2026-01-07T20:49:52.304Z,reply
"He hid the tweet. Left speechless.",2020-10-13T01:28:52.000Z,12,0,0,0,false,2026-01-07T20:49:58.090Z,reply
#ad,2020-10-13T01:26:25.000Z,5,0,1,0,false,2026-01-07T20:50:03.605Z,reply
"Hide this if you think the game fuckin sucks",2020-10-13T01:26:46.000Z,33,0,0,0,false,2026-01-07T20:50:09.976Z,reply
"Superb performance",2020-10-13T00:33:06.000Z,5,0,0,0,false,2026-01-07T20:50:15.925Z,reply
"Thanks Aug, I will have Vladr dealt with shortly.",2020-10-12T23:17:00.000Z,23,0,0,0,false,2026-01-07T20:50:21.634Z,reply
"Dudes had 11 rounds to get a kill, the slander has now commenced",2020-10-12T23:11:48.000Z,4,0,0,0,false,2026-01-07T20:50:27.343Z,reply
"What servers ??",2020-10-12T22:21:04.000Z,5,0,0,0,false,2026-01-07T20:50:34.412Z,reply
"Canada has produced  @Kartli_  and myself, what has Europe produced?",2020-10-12T20:36:05.000Z,18,0,1,0,false,2026-01-07T20:50:41.051Z,reply
"How did you find this tweet",2020-10-12T18:04:35.000Z,1,0,0,0,false,2026-01-07T20:50:48.543Z,reply
"@RethinkinR6  for team canada",2020-10-12T17:22:52.000Z,2,0,0,0,false,2026-01-07T20:50:53.965Z,reply
"Yeah Aug is 1x eps champ and 1x nba champ",2020-10-12T17:16:55.000Z,3,0,0,0,false,2026-01-07T20:51:00.397Z,reply
"",2020-10-12T03:18:34.000Z,0,0,0,0,false,2026-01-07T20:51:05.282Z,reply
"Why did you change your pic",2020-10-12T03:15:08.000Z,1,0,0,0,false,2026-01-07T20:51:12.384Z,reply
"We good ",2020-10-12T03:14:24.000Z,7,0,0,0,false,2026-01-07T20:51:19.148Z,reply
"Actually didn’t plan on it at all",2020-10-12T03:10:59.000Z,2,0,1,0,false,2026-01-07T20:51:25.391Z,reply
"",2020-10-12T03:10:32.000Z,2,0,0,0,false,2026-01-07T20:51:30.274Z,reply
@WhimpyKid2,2020-10-12T02:25:05.000Z,3,0,2,0,false,2026-01-07T20:51:36.439Z,reply
"@AugFPS  turns 16 tomorrow",2020-10-12T02:00:13.000Z,2,0,0,0,false,2026-01-07T20:51:42.349Z,reply
"Vouch for the goblin",2020-10-12T01:56:08.000Z,4,0,0,0,false,2026-01-07T20:51:48.602Z,reply
"Bold take but I have to agree",2020-10-12T01:12:42.000Z,5,0,0,0,false,2026-01-07T20:51:54.203Z,reply
wow.,2020-10-12T00:55:13.000Z,2,0,0,0,false,2026-01-07T20:52:00.914Z,reply
"Better now that I saw this",2020-10-12T00:19:27.000Z,3,0,1,0,false,2026-01-07T20:52:07.109Z,reply
"Saad power.",2020-10-12T00:19:18.000Z,0,0,0,0,false,2026-01-07T20:52:14.168Z,reply
"Yes, so I am right",2020-10-12T00:10:26.000Z,0,0,0,0,false,2026-01-07T20:52:20.494Z,reply
"Im sparky now",2020-10-11T23:39:30.000Z,1,0,1,0,false,2026-01-07T20:52:26.989Z,reply
"Anthony always got dn in his mouth",2020-10-11T23:34:08.000Z,2,0,1,0,false,2026-01-07T20:52:34.270Z,reply
"??? That mf is either gonna die if they take garage or not be able to stop plant if they plant cash wall",2020-10-11T23:30:55.000Z,1,0,0,0,false,2026-01-07T20:52:40.956Z,reply
"toggle ads is a cheatcode",2020-10-11T23:11:31.000Z,1,0,0,0,false,2026-01-07T20:52:46.564Z,reply
"Vamos wrath",2020-10-11T22:49:31.000Z,1,0,0,0,false,2026-01-07T20:52:53.429Z,reply
"im a strategic mastermind what can I say",2020-10-11T22:20:39.000Z,0,0,0,0,false,2026-01-07T20:52:58.601Z,reply
"I didn’t even realize thats my bad",2020-10-11T20:45:23.000Z,1,0,0,0,false,2026-01-07T20:53:04.534Z,reply
"I didnt mean that bro",2020-10-11T20:25:39.000Z,1,0,0,0,false,2026-01-07T20:53:10.548Z,reply
"“We” ??  @PunkieVert  get yo mans",2020-10-11T20:25:29.000Z,2,0,0,0,false,2026-01-07T20:53:16.210Z,reply
"Joke’s on you I won the last season of eps ever",2020-10-11T20:23:50.000Z,24,0,0,0,false,2026-01-07T20:53:22.960Z,reply
"",2020-10-11T20:16:24.000Z,1,0,0,0,false,2026-01-07T20:53:27.838Z,reply
@Gunnar_r6,2020-10-11T20:13:24.000Z,1,0,1,0,false,2026-01-07T20:53:34.123Z,reply
"This you?",2020-10-11T20:12:03.000Z,43,0,2,0,false,2026-01-07T20:53:40.485Z,reply
"Its twitch man",2020-10-11T19:22:50.000Z,1,0,1,0,false,2026-01-07T20:53:46.999Z,reply
"Yeah no matter the stakes pressure always hits",2020-10-11T19:11:04.000Z,1,0,0,0,false,2026-01-07T20:53:54.232Z,reply
"Yeah, defending against a good cocktail attack is really annoying",2020-10-11T19:07:38.000Z,0,0,0,0,false,2026-01-07T20:53:59.983Z,reply
"yeah alt and mirage def look t1 caliber imo but I just don't think any cacl teams would even make ccs",2020-10-11T19:04:51.000Z,0,0,1,0,false,2026-01-07T20:54:06.055Z,reply
"Fuckin banger",2020-10-11T18:48:22.000Z,1,0,0,0,false,2026-01-07T20:54:10.646Z,reply
"Also can’t forget da cuzzo  @charmingdogbar1",2020-10-11T18:45:51.000Z,1,0,0,0,false,2026-01-07T20:54:17.911Z,reply
"Fett banger",2020-10-11T18:45:34.000Z,1,0,0,0,false,2026-01-07T20:54:24.866Z,reply
"da slatts were awful on that day, doesn't make honor good",2020-10-11T18:41:44.000Z,4,0,1,0,false,2026-01-07T20:54:30.613Z,reply
"it might not be just that day either, but that's all we've seen",2020-10-11T18:42:31.000Z,2,0,0,0,false,2026-01-07T20:54:37.016Z,reply
"can confirm",2020-10-11T18:40:05.000Z,0,0,0,0,false,2026-01-07T20:54:42.973Z,reply
"""overagers""",2020-10-11T18:37:39.000Z,20,0,0,0,false,2026-01-07T21:04:35.841Z,reply
"I literally said I am unsure",2020-10-11T18:37:18.000Z,1,0,1,0,false,2026-01-07T21:04:57.490Z,reply
"A couple normally consists of 2 people. I estimate aug would have 18 kills at minimum",2020-10-11T18:25:56.000Z,1,0,1,0,false,2026-01-07T21:05:03.148Z,reply
"Yall coulda got 225 from eps 3rd place by beating versity too bro",2020-10-11T17:46:36.000Z,1,0,1,0,false,2026-01-07T21:50:08.699Z,reply
"",2020-10-11T17:45:04.000Z,1,0,0,0,false,2026-01-07T21:50:15.904Z,reply
"This aged well",2020-10-11T17:44:58.000Z,3,0,1,0,false,2026-01-07T21:50:23.243Z,reply
"Bonk ",2020-10-11T16:58:37.000Z,7,0,0,0,false,2026-01-07T21:50:29.697Z,reply
No...,2020-10-11T16:08:28.000Z,1,0,0,0,false,2026-01-07T21:50:36.819Z,reply
"@WoodsR6S how we feelin",2020-10-11T16:07:51.000Z,2,0,1,0,false,2026-01-07T21:50:42.222Z,reply
"",2020-10-11T16:07:37.000Z,4,0,0,0,false,2026-01-07T21:50:47.551Z,reply
"The seasons with the factory close to dusty depot were the best",2020-10-11T16:00:25.000Z,9,0,0,0,false,2026-01-07T21:50:52.811Z,reply
"We all know you would’ve been league mvp if you stayed",2020-10-11T15:28:41.000Z,0,0,0,0,false,2026-01-07T21:50:59.688Z,reply
"Who would’ve thought your first league win was gonna be with notsaadR6  I molded you into an mvp",2020-10-11T15:17:02.000Z,5,0,0,0,false,2026-01-07T21:51:05.332Z,reply
"Absolute messiah of the smg11",2020-10-11T06:59:46.000Z,3,0,0,0,false,2026-01-07T21:51:10.829Z,reply
"From winning 7-4 to losing 1-7 wow",2020-10-11T06:00:10.000Z,2,0,0,0,false,2026-01-07T21:51:16.353Z,reply
"Crow are you lft",2020-10-11T05:41:43.000Z,3,0,1,0,false,2026-01-07T21:51:22.809Z,reply
"Nah I start when the season starts",2020-10-11T05:41:08.000Z,0,0,0,0,false,2026-01-07T21:51:29.303Z,reply
"I am terrified to sign up for quals, last time we played them I got put in the dirt by far superior players",2020-10-11T05:40:00.000Z,0,0,0,0,false,2026-01-07T21:51:33.792Z,reply
"",2020-10-11T05:32:13.000Z,11,0,1,0,false,2026-01-07T21:51:41.027Z,reply
Yes,2020-10-11T05:25:31.000Z,0,0,1,0,false,2026-01-07T21:51:47.637Z,reply
"A real one ",2020-10-11T05:21:47.000Z,1,0,1,0,false,2026-01-07T21:51:53.849Z,reply
"I knew it",2020-10-11T05:18:41.000Z,2,0,0,0,false,2026-01-07T21:52:00.843Z,reply
"Did you see",2020-10-11T05:18:37.000Z,1,0,1,0,false,2026-01-07T21:52:07.392Z,reply
okay,2020-10-02T23:16:10.000Z,3,0,1,0,false,2026-01-07T21:52:13.296Z,reply
"I’m back.",2020-10-11T05:18:08.000Z,4,0,0,0,false,2026-01-07T21:52:20.301Z,reply
Sup,2020-10-11T05:17:47.000Z,6,0,2,0,false,2026-01-07T21:52:26.534Z,reply
tyty,2020-10-11T05:15:42.000Z,0,0,0,0,false,2026-01-07T21:52:31.241Z,reply
"$900 for first",2020-10-11T05:15:27.000Z,0,0,0,0,false,2026-01-07T21:52:35.987Z,reply
"Couldn’t have done it without you deadass",2020-10-11T05:15:15.000Z,1,0,0,0,false,2026-01-07T21:52:41.671Z,reply
"Ty eskaa ",2020-10-11T05:13:55.000Z,1,0,1,0,false,2026-01-07T21:52:47.836Z,reply
"TY bubbz, crazy how much you put into this league",2020-10-11T05:11:33.000Z,14,0,0,0,false,2026-01-07T21:52:54.511Z,reply
"Ty lynxx, by far the best caster in T3 rn",2020-10-11T04:56:03.000Z,4,0,0,0,false,2026-01-07T21:53:00.798Z,reply
"Thanks for the scuffed cast lunch, sorry you had to cast 5 maps lmfao",2020-10-11T04:48:10.000Z,3,0,0,0,false,2026-01-07T21:53:07.549Z,reply
"literally anyone",2020-10-11T04:40:47.000Z,1,0,1,0,false,2026-01-07T21:53:13.854Z,reply
"bubbz is the real mvp, much appreciated",2020-10-11T04:32:15.000Z,4,0,0,0,false,2026-01-07T21:53:19.352Z,reply
"ty crow <3 also shoutout  @Rift_R6  he was in the trenches with us",2020-10-11T04:28:34.000Z,7,0,0,0,false,2026-01-07T21:53:25.615Z,reply
"LMFAOOOOO HE JUST FORGOT JIM",2020-10-11T04:26:46.000Z,6,0,2,0,false,2026-01-07T21:53:30.681Z,reply
"thats the pro league of being 14",2020-10-11T04:22:32.000Z,9,0,0,0,false,2026-01-07T21:53:37.445Z,reply
"he is incredible on the flank now, look at the character development",2020-10-11T04:15:44.000Z,2,0,1,0,false,2026-01-07T21:53:43.160Z,reply
"ty jj, was a good series, excited to see yall in the future",2020-10-11T04:14:55.000Z,7,0,0,0,false,2026-01-07T21:53:47.904Z,reply
"Ego is the enemy",2020-10-10T22:53:04.000Z,1,0,0,0,false,2026-01-07T21:53:53.874Z,reply
2-0???,2020-10-10T22:45:42.000Z,2,0,0,0,false,2026-01-07T21:53:59.473Z,reply
"demon time ben",2020-10-10T22:44:15.000Z,2,0,0,0,false,2026-01-07T21:54:05.243Z,reply
"Crow is incredible, you can catch him rn on the cl channel. vouch.",2020-10-10T21:21:11.000Z,6,0,0,0,false,2026-01-07T21:54:11.078Z,reply
?,2020-10-10T21:16:53.000Z,2,0,0,0,false,2026-01-07T21:54:16.382Z,reply
"Crow has so much energy every time I see him cast, really refreshing to see #Crow4PL",2020-10-10T21:16:16.000Z,13,0,1,0,false,2026-01-07T21:54:22.791Z,reply
"make it bang  @INTERRO   @KiXSTArTV  ",2020-10-10T21:16:38.000Z,9,0,1,0,false,2026-01-07T21:54:29.353Z,reply
"I got perm banned from R6EsportsNA chat cause I sent a  @AlrightCrow  horny message",2020-10-10T21:13:33.000Z,7,0,1,0,false,2026-01-07T21:54:35.107Z,reply
"LMFAO WHO",2020-10-10T20:52:43.000Z,1,0,1,0,false,2026-01-07T21:54:41.796Z,reply
"they had a latam team before they had their nacl team so they had to drop one",2020-10-10T20:19:54.000Z,2,0,0,0,false,2026-01-07T21:54:48.523Z,reply
"blu or stoax",2020-10-10T20:13:06.000Z,0,0,1,0,false,2026-01-07T21:54:54.300Z,reply
Rooty,2020-10-10T18:17:22.000Z,3,0,1,0,false,2026-01-07T21:55:00.267Z,reply
"mf $1??",2020-10-10T16:31:01.000Z,0,0,0,0,false,2026-01-07T21:55:05.607Z,reply
"gl melted",2020-10-10T16:00:04.000Z,1,0,0,0,false,2026-01-07T21:55:11.851Z,reply
professionalism,2020-10-10T15:56:42.000Z,3,0,1,0,false,2026-01-07T21:55:19.103Z,reply
"",2020-10-10T14:39:08.000Z,2,0,0,0,false,2026-01-07T21:55:25.307Z,reply
"I don’t need it",2020-10-10T14:29:07.000Z,2,0,3,0,false,2026-01-07T21:55:31.845Z,reply
"World eater in the making",2020-10-10T12:36:05.000Z,1,0,0,0,false,2026-01-07T21:55:39.030Z,reply
"Someone probably is",2020-10-10T04:11:33.000Z,10,0,1,0,false,2026-01-07T21:55:44.213Z,reply
"I don’t want the homies on rf or the homies favelas to lose bruh",2020-10-10T03:32:51.000Z,2,0,0,0,false,2026-01-07T21:55:51.307Z,reply
"How am I supposed to choose between both of y’all man",2020-10-10T03:31:20.000Z,0,0,0,0,false,2026-01-07T21:55:57.540Z,reply
"I’m from the future",2020-10-10T01:24:41.000Z,0,0,1,0,false,2026-01-07T21:56:03.727Z,reply
"Not at all. #apeup #joeup",2020-10-10T01:23:22.000Z,4,0,1,0,false,2026-01-07T21:56:10.687Z,reply
#rentfreeup,2020-10-10T01:23:34.000Z,4,0,0,0,false,2026-01-07T21:56:17.160Z,reply
"LMFAOOOOO R6ESPORTSNA BANGER",2020-10-09T23:42:01.000Z,11,0,1,0,false,2026-01-07T21:56:22.178Z,reply
"It is not me",2020-10-09T21:45:34.000Z,3,0,2,0,false,2026-01-07T21:56:27.679Z,reply
"Mfs complain about ghosting rn but it was awful with old movement",2020-10-09T18:09:03.000Z,12,0,1,0,false,2026-01-07T21:56:33.669Z,reply
"Lemme take you down the slopes",2020-10-09T17:58:37.000Z,1,0,0,0,false,2026-01-07T21:56:40.742Z,reply
"ILL TAKE EM ALL",2020-10-09T17:57:16.000Z,0,0,0,0,false,2026-01-07T21:56:47.225Z,reply
"I’m actually nasty at skiing ",2020-10-09T17:41:17.000Z,0,0,1,0,false,2026-01-07T21:56:53.673Z,reply
"What typa gun she got bro",2020-10-09T16:42:47.000Z,2,0,0,0,false,2026-01-07T21:56:59.742Z,reply
"ჯოჯოხეთის ცეცხლი მალე შემოგივარდება, თქვენი სულები არ იშურებენ მომავალი საუკუნო ტანჯვისგან.  შენ გაგაფრთხილეს.",2020-10-09T16:34:30.000Z,2,0,2,0,false,2026-01-07T21:57:06.044Z,reply
"I hope both of you get smited",2020-10-09T16:28:35.000Z,1,0,1,0,false,2026-01-07T21:57:11.346Z,reply
yo?,2020-10-09T07:11:19.000Z,2,0,0,0,false,2026-01-07T21:57:16.668Z,reply
"mental illness",2020-10-09T07:01:45.000Z,2,0,0,0,false,2026-01-07T21:57:23.438Z,reply
"yeah, its not too bad at all, just gotta brush up on it",2020-10-09T06:32:31.000Z,1,0,1,0,false,2026-01-07T21:57:28.213Z,reply
"he's been ""sick"" because we on the grind ",2020-10-09T06:31:54.000Z,4,0,1,0,false,2026-01-07T21:57:34.239Z,reply
"we got 5 tomorrow",2020-10-09T06:30:35.000Z,2,0,1,0,false,2026-01-07T21:57:40.711Z,reply
"yeah, its radian measures and trig transformations, just have to learn all of it real quick lol",2020-10-09T06:29:56.000Z,1,0,1,0,false,2026-01-07T21:57:47.485Z,reply
"@jMrrrrrrrrr  wasn't willing do 6 maps in 1 day, he just clearly isn't built for the grind like future professional player iconic.sQ",2020-10-09T06:29:14.000Z,2,0,1,0,false,2026-01-07T21:57:54.619Z,reply
"this is a product of me not wanting to study for my math test until the night before, I am down so fucking awful",2020-10-09T06:28:06.000Z,3,0,1,0,false,2026-01-07T21:58:01.177Z,reply
"",2020-10-09T06:21:39.000Z,0,0,0,0,false,2026-01-07T21:58:07.575Z,reply
"sounds like you are mald champing xDxDxD",2020-10-09T05:55:50.000Z,8,0,1,0,false,2026-01-07T21:58:12.525Z,reply
"",2020-10-09T04:09:59.000Z,9,0,0,0,false,2026-01-07T21:58:18.186Z,reply
"I thought Goddess used to terrorise go4s",2020-10-09T04:07:57.000Z,5,0,2,0,false,2026-01-07T21:58:25.362Z,reply
"Why does that take 5 seconds to hit the ground is that bitch going to outerspace",2020-10-09T03:41:10.000Z,6,0,1,0,false,2026-01-07T21:58:31.202Z,reply
"nice strat ya got there ",2020-10-09T03:36:56.000Z,3,0,1,0,false,2026-01-07T21:58:37.835Z,reply
"Then I leave, my apologies",2020-10-09T03:23:43.000Z,1,0,0,0,false,2026-01-07T21:58:44.184Z,reply
"@KynoR6  joe scrimming rent free, watch out",2020-10-09T01:20:29.000Z,6,0,1,0,false,2026-01-07T21:58:50.548Z,reply
"Oh. That’s on me",2020-10-09T01:06:59.000Z,3,0,0,0,false,2026-01-07T21:58:56.505Z,reply
"Ain’t you run over my cat?",2020-10-09T01:04:41.000Z,10,0,0,0,false,2026-01-07T21:59:02.669Z,reply
Sup,2020-10-09T00:06:50.000Z,0,0,2,0,false,2026-01-07T21:59:08.795Z,reply
"",2020-10-08T22:32:13.000Z,0,0,0,0,false,2026-01-07T21:59:14.299Z,reply
"I just bring 5 mfs with hard breach gadgets",2020-10-08T21:40:11.000Z,7,0,0,0,false,2026-01-07T21:59:20.229Z,reply
"Only up from here bro",2020-10-08T21:37:50.000Z,0,0,0,0,false,2026-01-07T21:59:26.436Z,reply
"",2020-10-08T21:20:16.000Z,6,0,1,0,false,2026-01-07T21:59:33.346Z,reply
"As stretched as possible",2020-10-08T21:15:02.000Z,1,0,1,0,false,2026-01-07T21:59:39.430Z,reply
"And yeah gimme a sec",2020-10-08T21:15:20.000Z,1,0,0,0,false,2026-01-07T21:59:45.406Z,reply
ggs,2020-10-08T21:12:04.000Z,1,0,1,0,false,2026-01-07T21:59:51.613Z,reply
Banger,2020-10-08T20:37:44.000Z,1,0,0,0,false,2026-01-07T21:59:58.812Z,reply
"there ain't no siegegg for playoffs and mine was better man",2020-10-08T20:18:39.000Z,1,0,0,0,false,2026-01-07T22:00:04.854Z,reply
"whats the sens?",2020-10-08T20:09:55.000Z,12,0,0,0,false,2026-01-07T22:00:11.620Z,reply
"he saw the game yesterday, hes good ",2020-10-08T20:07:06.000Z,3,0,1,0,false,2026-01-07T22:00:17.887Z,reply
"ill do it for you",2020-10-08T20:06:39.000Z,2,0,1,0,false,2026-01-07T22:00:24.439Z,reply
"Please man",2020-10-08T18:20:12.000Z,3,0,0,0,false,2026-01-07T22:00:30.675Z,reply
"",2020-10-08T17:47:43.000Z,0,0,0,0,false,2026-01-07T22:00:36.884Z,reply
"You can go mute and I can play jager",2020-10-08T17:34:35.000Z,0,0,0,0,false,2026-01-07T22:00:44.250Z,reply
"I can vouch for this",2020-10-08T17:33:56.000Z,1,0,0,0,false,2026-01-07T22:00:49.648Z,reply
noob,2020-10-08T17:17:33.000Z,2,0,0,0,false,2026-01-07T22:00:55.238Z,reply
"We gave aug zofia so he wasn’t hindered too badly",2020-10-08T17:17:21.000Z,2,0,1,0,false,2026-01-07T22:01:01.744Z,reply
"What about joe academy",2020-10-08T17:10:05.000Z,5,0,1,0,false,2026-01-07T22:01:08.785Z,reply
"drown in dn",2020-10-08T16:41:50.000Z,3,0,1,0,false,2026-01-07T22:01:14.911Z,reply
"joke's on you I got it from  @miofps",2020-10-08T16:36:21.000Z,7,0,0,0,false,2026-01-07T22:01:21.375Z,reply
"yeah I was talking to exo, horrific that he would do that",2020-10-08T16:36:11.000Z,3,0,1,0,false,2026-01-07T22:01:27.297Z,reply
"they just said that optics are only preference but then said that they can't give everyone all sights cause of balancing",2020-10-08T16:35:44.000Z,32,0,2,0,false,2026-01-07T22:01:33.842Z,reply
"I also don't get why sledge gets the 2.5x and the 1.5x but no 2.0x like ???",2020-10-08T16:28:58.000Z,25,0,0,0,false,2026-01-07T22:01:40.284Z,reply
"This was before he got a fucking alda and smg11 lmfao",2020-10-08T14:14:51.000Z,1,0,0,0,false,2026-01-07T22:01:47.858Z,reply
"Wngs is lightyears better than you",2020-10-08T14:13:08.000Z,1,0,0,0,false,2026-01-07T22:01:54.563Z,reply
"It was posted to reddit from an amazon article so I’m pretty sure",2020-10-08T14:04:33.000Z,0,0,0,0,false,2026-01-07T22:02:01.148Z,reply
"Smoke is already a good operator and with the shield it makes him an almost must pick though",2020-10-08T04:20:24.000Z,1,0,1,0,false,2026-01-07T22:02:06.386Z,reply
"lfg, gl yall",2020-10-08T04:15:00.000Z,10,0,0,0,false,2026-01-07T22:02:13.262Z,reply
@RethinkinR6,2020-10-08T04:01:34.000Z,1,0,0,0,false,2026-01-07T22:02:19.287Z,reply
"World eater aug",2020-10-08T03:28:59.000Z,3,0,0,0,false,2026-01-07T22:02:26.678Z,reply
"notsaad.dGen ",2020-10-08T03:16:40.000Z,2,0,1,0,false,2026-01-07T22:02:31.622Z,reply
Why,2020-10-08T03:14:08.000Z,2,0,0,0,false,2026-01-07T22:02:37.633Z,reply
"Still need the 8th??",2020-10-08T03:13:44.000Z,6,0,0,0,false,2026-01-07T22:02:43.609Z,reply
"",2020-10-08T02:25:06.000Z,2,0,0,0,false,2026-01-07T22:02:50.026Z,reply
"why ",2020-10-08T02:22:17.000Z,1,0,0,0,false,2026-01-07T22:02:56.372Z,reply
"it ain't done yet",2020-10-08T02:18:04.000Z,1,0,0,0,false,2026-01-07T22:03:03.054Z,reply
"sad that we had to play in the semis, I'll try my best <3",2020-10-08T02:15:54.000Z,1,0,1,0,false,2026-01-07T22:03:09.699Z,reply
"I busted out the ranked energy, ggs",2020-10-08T02:08:52.000Z,1,0,0,0,false,2026-01-07T22:03:16.326Z,reply
"We good",2020-10-07T18:21:06.000Z,1,0,0,0,false,2026-01-07T22:03:23.142Z,reply
"That is my fault, this is far too controversial a take",2020-10-07T18:21:01.000Z,1,0,0,0,false,2026-01-07T22:03:29.480Z,reply
"Exactly, just make it so if you want a shield you have to pick an off meta op like warden or smt",2020-10-07T18:19:18.000Z,4,0,2,0,false,2026-01-07T22:03:35.351Z,reply
"When he went prone C2 ",2020-10-07T17:35:20.000Z,40,0,0,0,false,2026-01-07T22:03:40.684Z,reply
"Thermite’s gun is really good too",2020-10-07T17:32:32.000Z,4,0,1,0,false,2026-01-07T22:03:46.287Z,reply
"there's a sequel??",2020-10-07T08:25:01.000Z,1,0,0,0,false,2026-01-07T22:03:51.736Z,reply
"Imagine finding out your girl cheated on you with a mf who uses discord overlay",2020-03-01T00:01:47.000Z,20,0,0,0,false,2026-01-08T03:00:18.370Z,tweet
"how a 0.9kd player baits",2020-02-29T18:35:19.000Z,13,0,1,0,false,2026-01-08T03:00:25.059Z,tweet
"uncircumcised dudes be having a runny nose in class, like bruh you worried about the wrong tissue",2020-02-10T21:05:35.000Z,10,1,3,0,false,2026-01-08T03:00:30.941Z,tweet
"Mfs got freckles and be asking about callouts, bro you worried about the wrong spots",2020-02-09T02:19:37.000Z,9,0,0,0,false,2026-01-08T03:00:36.350Z,tweet
"You may have 5355 elo, but do you have a stable family picture?",2020-02-08T17:14:08.000Z,14,1,2,0,false,2026-01-08T03:00:43.709Z,tweet
"Banger tweet scheduled for tomorrow morning, set your alarms",2020-02-08T03:52:20.000Z,6,0,3,0,false,2026-01-08T03:00:50.632Z,tweet
"These the kids I play in ranked",2020-02-08T02:47:24.000Z,17,3,1,0,false,2026-01-08T03:00:57.165Z,tweet
"I feel like im gucci mane in 2006",2020-02-08T02:13:19.000Z,4,0,1,0,false,2026-01-08T03:01:02.972Z,tweet
"Today's giveaway is a Pornhub bucket hat - RT for a chance to win  https:// pornhubapparel.com/products/pornh ub-old-school-bucket-hat …",2020-02-06T16:01:18.000Z,2.4K,0,132,0,true,2026-01-08T03:01:08.755Z,repost
"Prayers up for koolaid, gone too soon ",2020-02-06T02:34:50.000Z,2,0,1,0,false,2026-01-08T03:01:13.994Z,tweet
"rsl quals are freelo if im being honest, ranked heros prevail again",2020-02-06T02:11:18.000Z,5,0,2,0,false,2026-01-08T03:01:20.504Z,tweet
"ill change my siege username to whichever reply gets the most likes ",2020-02-05T03:07:14.000Z,4,2,12,0,false,2026-01-08T03:01:26.507Z,tweet
"yall got 24 hours btw",2020-02-05T03:15:08.000Z,2,0,0,0,false,2026-01-08T03:01:32.674Z,tweet
"People are saying that donald trump is republican, I thought he was president?? ",2020-02-05T00:58:35.000Z,41,0,8,0,false,2026-01-08T03:01:37.513Z,tweet
"FUCK BABY NUT, ALL MY HOMIES HATE BABY NUT",2020-02-04T16:04:43.000Z,8,1,1,0,false,2026-01-08T03:01:43.028Z,tweet
"BRO WHAT??  @ollieyeahhh",2020-02-04T03:24:04.000Z,42,1,4,0,false,2026-01-08T03:01:49.126Z,tweet
"peepoomen win rsl quals 2-0 ",2020-02-03T01:24:39.000Z,32,3,6,0,false,2026-01-08T03:01:55.592Z,tweet
"we win our scrim against @MilanoR6S, ggs bro",2020-02-02T06:13:00.000Z,7,0,4,0,false,2026-01-08T03:02:00.590Z,tweet
"Imma just say @notsaadR6 is funny as fuck and deserves more followers",2020-01-31T04:39:34.000Z,3,0,4,0,true,2026-01-08T03:02:06.564Z,repost
"Okay... ads change is growing on me a little bit. Still don’t think it was necessary though.",2020-01-29T22:45:13.000Z,1,0,1,0,false,2026-01-08T03:02:11.922Z,tweet
"Me after I airdropped my cock and also balls to 16 middle school children and they reported me, I am now facing a court date of June 30th, 2020. This is so MonkaS, not pogU at all.",2020-01-29T20:04:54.000Z,6,0,1,0,false,2026-01-08T03:02:17.746Z,tweet
"Yes, I am kidding, it was only 8 children lol don’t worry",2020-01-29T20:14:58.000Z,2,0,0,0,false,2026-01-08T03:02:25.099Z,tweet
"I’ll be giving away at least 3  jerseys at invite, rt and follow to enter :)",2020-01-29T19:51:06.000Z,1.3K,0,51,0,true,2026-01-08T03:02:32.305Z,repost
"bump on this  https:// x.com/notsaadOK/stat /notsaadOK/status/1214642053558263815 …",2020-01-28T16:42:50.000Z,1,0,0,0,false,2026-01-08T03:02:36.194Z,tweet
"im gonna be dealing corona virus at invite who wants some $20/g",2020-01-28T01:40:59.000Z,5,1,5,0,false,2026-01-08T03:02:41.623Z,tweet
"im gonna be dealing corona virus at invite who wants some $20/g",2020-01-28T01:40:59.000Z,5,1,5,0,false,2026-01-08T03:06:27.914Z,tweet
"i got my na diamond, ty to da peepoomen for carrying me",2020-01-27T05:34:37.000Z,9,0,2,0,false,2026-01-08T03:06:33.473Z,tweet
"@Rizzzerr  @Swxftgg @GoatAmbi  @AugFPS  @CloroxR6",2020-01-27T05:35:37.000Z,3,0,0,0,false,2026-01-08T03:06:38.552Z,tweet
"there is no way our cheater gets slammed by a frost mat LMAOOOO",2020-01-27T03:12:45.000Z,8,1,3,0,false,2026-01-08T03:06:44.106Z,tweet
"me assembling the peepoomen getting ready to get carried",2020-01-27T01:55:26.000Z,6,0,1,0,false,2026-01-08T03:06:51.026Z,tweet
"successful ranked day fo da peepoomen (volume lol)",2020-01-26T07:38:59.000Z,5,0,0,0,false,2026-01-08T03:06:57.976Z,tweet
"dont queue cus",2020-01-26T05:04:45.000Z,12,3,2,0,false,2026-01-08T03:07:03.419Z,tweet
"mfs got pina colada but wont raise their hispanic daughter named Piña and col her ada school when shes sick  https:// x.com/Swiftuhhh/stat /Swiftuhhh/status/1220496574251520008 …",2020-01-24T00:35:52.000Z,26,0,5,0,false,2026-01-08T03:07:10.202Z,tweet
"I DONT MISS",2020-01-24T00:36:03.000Z,3,0,0,0,false,2026-01-08T03:07:16.922Z,tweet
"mfs will get black ice, but wont help their black friend who slipped on ice",2020-01-24T00:32:18.000Z,4,1,1,0,false,2026-01-08T03:07:22.607Z,tweet
"this has to be worst thing i have ever tweeted bro for real",2020-01-24T00:33:03.000Z,0,0,1,0,false,2026-01-08T03:07:29.734Z,tweet
"They have to be trolling but I love it",2020-01-22T19:02:14.000Z,0,0,0,0,false,2026-01-08T03:07:35.422Z,tweet
"Am I tripping or is vitality the most inconsistent team ever",2020-01-22T19:01:56.000Z,1,1,1,0,false,2026-01-08T03:07:41.077Z,tweet
"ight bro this is the last straw, im killing myself  https:// x.com/barstoolsports /barstoolsports/status/1219654637130801152 …",2020-01-22T02:33:59.000Z,3,1,0,0,false,2026-01-08T03:07:47.003Z,tweet
"I am so proud of this community  https:// x.com/Nyrohh/status/ /Nyrohh/status/1219769901923086336 …",2020-01-22T00:03:45.000Z,1,0,1,0,false,2026-01-08T03:07:53.690Z,tweet
"Why doesn’t our military just wear ember rise??",2020-01-20T22:26:25.000Z,6,1,1,0,false,2026-01-08T03:08:00.657Z,tweet
"@Nyrohh  unlucky bro...",2020-01-20T22:26:54.000Z,0,0,0,0,false,2026-01-08T03:08:06.046Z,tweet
"we def won this round...",2020-01-19T20:55:39.000Z,1,0,0,0,false,2026-01-08T03:08:10.932Z,tweet
"finally got my diamond, this was just not my season",2020-01-19T05:29:21.000Z,11,0,6,0,false,2026-01-08T03:08:15.963Z,tweet
"Fellas, anytime @Swxftgg tweets reply with this please. Thanks in advance",2020-01-19T01:55:11.000Z,14,0,2,0,false,2026-01-08T03:08:21.736Z,tweet
"I think yall missed this one...",2020-01-19T01:41:49.000Z,3,1,2,0,false,2026-01-08T03:08:26.930Z,tweet
"When my e-girl says shes about to flush",2020-01-18T16:42:00.000Z,8,1,1,0,false,2026-01-08T03:08:32.955Z,tweet
"thanks to everyone for the support!",2020-01-17T17:27:18.000Z,2,0,0,0,false,2026-01-08T03:08:39.027Z,tweet
"Kids coming up to me asking for a sip while wearing these, bro you worried bout the wrong drip ",2020-01-17T17:23:10.000Z,9,1,3,0,false,2026-01-08T03:08:44.952Z,tweet
"I have decided to no longer go!  https:// t.co/0X6TzW4F8I",2020-01-17T14:32:46.000Z,7,0,1,0,false,2026-01-08T03:08:50.584Z,tweet
"invite tickets have been secured, i repeat peepooman is goin to invite",2020-01-16T21:33:11.000Z,8,1,1,0,false,2026-01-08T03:08:56.242Z,tweet
"Real ones dont even use alda acog ",2020-01-16T15:25:53.000Z,3,0,1,0,false,2026-01-08T03:09:01.712Z,tweet
"Giving away a  @SpacestationGG  USN exclusive keycap, 1 of 200 made To enter, just follow and rt!",2020-01-15T18:05:31.000Z,56,0,7,0,true,2026-01-08T03:09:06.947Z,repost
"I thought ladies were saying “OK” to me but turns out they were saying “0K” cause they know im icy",2020-01-09T16:30:29.000Z,8,0,3,0,false,2026-01-08T03:09:11.269Z,tweet
"This one gotta go -273 degrees celcius or everyone stupid",2020-01-09T16:31:04.000Z,2,0,0,0,false,2026-01-08T03:09:17.942Z,tweet
"i fucked my teacher and the cops came to my school, who are they thinking they can barge into my home",2020-01-09T16:23:00.000Z,1,0,0,0,false,2026-01-08T03:09:24.406Z,tweet
"Im looking for two people from an ontario high school for a like 3 week money league later this year.",2020-01-06T16:01:07.000Z,1,0,4,0,false,2026-01-08T03:09:30.173Z,tweet
"When are the first cl quals?",2020-01-05T22:39:59.000Z,0,0,1,0,false,2026-01-08T03:09:35.765Z,tweet
"plxyAidan cheating eus",2020-01-05T11:03:15.000Z,2,0,0,0,false,2026-01-08T03:09:41.866Z,tweet
"Lost 300 elo to mmr rollback as I was close to plat 1 ",2020-01-05T00:25:11.000Z,3,0,1,0,false,2026-01-08T03:09:49.123Z,tweet
"Bro if the US just gets chapper and Chet.LIFT in their stack for WW3 we good",2020-01-03T21:29:35.000Z,1,0,0,0,false,2026-01-08T03:09:55.250Z,tweet
"Change the uplay back to peepooman69",2020-01-03T16:25:46.000Z,1,0,1,0,false,2026-01-08T03:10:00.206Z,tweet
" We're kicking off the new year with an extra special Shifting Tides chibi poster signed by the Devs to give away.  RT this tweet to enter  On Thursday, Jan 9th we'll select one lucky winner to receive this special poster. Time to test your luck for 2020! ",2020-01-02T15:42:11.000Z,7.7K,0,293,0,true,2026-01-08T03:10:07.224Z,repost
"Coke & Pepsi is just chocolate sprite",2020-01-01T06:23:08.000Z,3,0,0,0,true,2026-01-08T03:10:12.871Z,repost
"people asking what my new years resolution is, i think im gonna stay at 1920x1080",2020-01-01T01:38:42.000Z,12,2,3,0,false,2026-01-08T03:10:18.293Z,tweet
"Send this one to 2021  @KingGeorge",2020-01-01T01:40:07.000Z,1,0,0,0,false,2026-01-08T03:10:24.797Z,tweet
"getting 20 elo a game and im at 3800 mmr, will i make it to diamond??",2019-12-31T08:26:20.000Z,1,0,1,0,false,2026-01-08T03:10:31.130Z,tweet
"climate change gotta just stop bro fr",2019-12-27T00:46:04.000Z,6,1,1,0,false,2026-01-08T03:10:37.298Z,tweet
"BLOW UP THIS BANGER https:// youtu.be/WDHEVUrrHpU PLS RT PLS",2019-12-25T05:16:57.000Z,2,0,0,0,false,2026-01-08T03:10:42.353Z,tweet
"If I don’t hit diamond in 7 days im becoming a k-pop stan account.",2019-12-14T23:28:33.000Z,4,0,2,0,false,2026-01-08T03:10:47.437Z,tweet
"And I also quit the game no cap",2019-12-14T23:51:24.000Z,2,0,1,0,false,2026-01-08T03:10:53.117Z,tweet
"I have decided to extend this because I am plat 1 right now.",2019-12-24T18:12:42.000Z,1,0,0,0,false,2026-01-08T03:10:59.290Z,tweet
"im so glad canadian flamed lg in chat, lg is very mean to me in ranked chat :(",2019-12-22T03:57:59.000Z,2,0,0,0,false,2026-01-08T03:11:05.650Z,tweet
"bro im done losing... how do i apply for the chappermandingo stack??",2019-12-22T01:41:31.000Z,1,0,1,0,false,2026-01-08T03:11:11.485Z,tweet
"had a solo q teammate go 0-7 only playing cav and ash i wanna quit this game",2019-12-21T01:54:55.000Z,1,0,0,0,false,2026-01-08T03:11:17.697Z,tweet
"hitting clips and boosting the kd but im losing every game so im stuck plat 3 yikes",2019-12-19T05:50:34.000Z,3,0,1,0,false,2026-01-08T03:11:24.088Z,tweet
"Alright pixals is gone now time for Eloback.404  @Rainbow6Game",2019-12-18T19:09:28.000Z,3,0,2,0,true,2026-01-08T03:11:29.868Z,repost
"Goddamn @Secret_LeonGids  https:// x.com/chickenjolti/s /chickenjolti/status/1207012141997404165 …",2019-12-17T20:02:45.000Z,0,0,0,0,false,2026-01-08T03:11:35.195Z,tweet
"Me and  @AugFPS    https:// t.co/rwb9xDIgzu",2019-12-15T23:30:14.000Z,1,0,0,0,false,2026-01-08T03:11:42.289Z,tweet
".@SwxftFPS and I are starting a krunker team bro shits better than siege ",2019-12-12T19:57:04.000Z,1,0,1,0,false,2026-01-08T03:11:49.543Z,tweet
"EloBack.404 cheating eus",2019-12-12T04:30:49.000Z,1,0,1,0,false,2026-01-08T03:11:55.821Z,tweet
"Dovakin_139 also cheating  @UbisoftSupport",2019-12-12T04:32:20.000Z,0,0,1,0,false,2026-01-08T03:12:01.100Z,tweet
"When I’m having a good day and see @SwxftFPS ‘s tweets on my tl",2019-12-11T23:02:13.000Z,2,0,1,0,false,2026-01-08T03:12:06.911Z,tweet
"Im getting solo q teammates who are intentionally throwing 1 week into the season like?????",2019-12-11T03:31:30.000Z,5,0,0,0,false,2026-01-08T03:12:13.356Z,tweet
"Who’s going to invitational??",2019-12-10T16:47:20.000Z,1,0,1,0,false,2026-01-08T03:12:19.387Z,tweet
"These epsilon kids have the biggest ranked egos bro",2019-12-07T18:20:48.000Z,3,0,0,0,false,2026-01-08T03:12:25.353Z,tweet
what???,2019-12-07T17:02:12.000Z,5,1,0,0,false,2026-01-08T03:12:32.647Z,tweet
"https:// youtube.com/watch?v=J6vPgt xw_vs …",2019-12-07T01:04:52.000Z,1,0,1,0,true,2026-01-08T03:12:39.049Z,repost
"Sad.MuteV2, Cak3h. And zShelby cheating eus  @UbisoftSupport  please do something",2019-12-05T05:34:34.000Z,1,0,0,0,false,2026-01-08T03:12:44.317Z,tweet
"why is eu ranked so much better than na ranked",2019-12-05T02:29:43.000Z,2,0,1,0,false,2026-01-08T03:12:49.945Z,tweet
"100T (OG) CREAM HOODIE GIVEAWAY SIZE  LARGE IDC ABOUT FOLLOWERS JUST RT THIS TWEET AND REPLY SAYING   “ #VerifyAvalanche “ GOGOGOGO ILL PICK SOMEONE ON FRIDAY ",2019-12-05T00:55:29.000Z,3K,0,3.2K,0,true,2026-01-08T03:12:55.174Z,repost
"Some of the people i play in ranked gotta have a higher K/D than their GPA",2019-12-05T00:01:57.000Z,13,1,2,0,false,2026-01-08T03:12:59.080Z,tweet
"SEND THIS TO PLUTO  @elonmusk   @TSM_Beaulo  ",2019-12-05T00:02:26.000Z,0,0,0,0,false,2026-01-08T03:13:03.986Z,tweet
"LMAO NO CHANCE  @GiooR6   @ollieyeahhh",2019-12-04T05:55:53.000Z,2,0,1,0,false,2026-01-08T03:13:09.767Z,tweet
"Theme park sucks fucking ass",2019-12-04T00:57:16.000Z,6,0,0,0,true,2026-01-08T03:13:14.345Z,repost
"I see all these pilot program giveaways, where the ember rise uniform giveaways at bro?!?",2019-12-02T04:37:27.000Z,5,1,1,0,false,2026-01-08T03:13:18.925Z,tweet
"nothing in my siege career is topping this moment",2019-11-29T00:52:39.000Z,14,1,5,0,false,2026-01-08T03:13:24.162Z,tweet
"Who got #getnotsaadmto100followers trending?? You guys are the best bro",2019-11-25T16:14:27.000Z,2,0,0,0,false,2026-01-08T03:13:29.641Z,tweet
"i'm telling you putting that tape on the mouse was the play",2019-11-24T07:26:17.000Z,4,0,2,0,false,2026-01-08T03:13:34.662Z,tweet
ahahahahah,2019-11-23T06:59:21.000Z,10,1,2,0,false,2026-01-08T03:13:41.379Z,tweet
". @ZBro_  when everyone gets diamond except him",2019-11-08T03:26:57.000Z,4,2,0,0,false,2026-01-08T03:13:46.756Z,tweet
"anyone know how to grab a divina s2 in canada?",2019-11-07T20:25:05.000Z,1,0,0,0,false,2026-01-08T03:13:52.499Z,tweet
"When you realize your costume isn't a costume",2019-10-31T23:45:44.000Z,4,1,0,0,false,2026-01-08T03:13:59.061Z,tweet
"havent played on my alt in a week and ive lost 150 elo",2019-10-30T14:27:02.000Z,0,0,0,0,false,2026-01-08T03:14:04.738Z,tweet
"make this bang  @itsSKO_",2019-10-24T18:26:16.000Z,0,0,0,0,false,2026-01-08T03:14:11.430Z,tweet
"just stopped a midget from entering walmart, call it shortstop",2019-09-06T00:08:05.000Z,0,0,0,0,false,2026-01-08T03:14:17.674Z,tweet
"call me a thermos cause i be packing this heat",2019-07-22T19:07:46.000Z,4,0,3,0,false,2026-01-08T03:14:22.938Z,tweet
"can someone tell me wtf this means",2019-07-22T19:07:59.000Z,0,0,0,0,false,2026-01-08T03:14:29.131Z,tweet
"if you aint smoking crack youre smoking wack",2019-07-19T22:03:47.000Z,3,0,1,0,false,2026-01-08T03:14:35.812Z,tweet
"i drip so hard a flash flood warning is issued when i leave the house",2019-07-17T20:16:32.000Z,2,0,0,0,false,2026-01-08T03:14:41.815Z,tweet
"when i was born i had a choice between being funny, or having a good memory. let's just say i remember exactly what i chose.",2019-07-16T17:48:57.000Z,1,0,0,0,false,2026-01-08T03:14:47.717Z,tweet
"call me a toilet cuz im bout this shit",2019-07-14T22:36:03.000Z,2,0,1,0,false,2026-01-08T03:14:54.855Z,tweet
"Enter to get the Stone Island x NikeLab Sock Dart Mid SP and more at retail price. #GOATSUMMER  https:// goat.app.link/KxygMG3P4E",2017-07-26T18:23:45.000Z,0,0,0,0,false,2026-01-08T03:15:00.466Z,tweet
"Enter to get the Yeezy Boost 750 'Black' and more at retail price. #GOATSUMMER  https:// goat.app.link/DSvh2I5o5E",2017-07-26T18:19:06.000Z,0,0,0,0,false,2026-01-08T03:15:06.343Z,tweet
"Enter to get the Ultra Boost Uncaged 'Grey' and more at retail price. #GOATSUMMER  https:// goat.app.link/ENm6KjLP4E",2017-07-26T18:18:09.000Z,0,0,0,0,false,2026-01-08T03:15:12.297Z,tweet
"Enter to get the Sneakersnstuff x NMD_R1 Primeknit 'Datamosh' and more at retail price. #GOATSUMMER  https:// goat.app.link/1wu4OI3o5E",2017-07-26T18:17:22.000Z,0,0,0,0,false,2026-01-08T03:15:17.374Z,tweet
"Enter to get the Zoom Huarache 2K4 'FTB' and more at retail price. #GOATSUMMER  https:// goat.app.link/hAulHkWo5E",2017-07-26T18:16:45.000Z,0,0,0,0,false,2026-01-08T03:15:22.156Z,tweet
"Enter to get the Gel Lyte 3 MIJ 'Salmon Toe' and more at retail price. #GOATSUMMER  https:// goat.app.link/Uwpm9dHP4E",2017-07-26T18:15:07.000Z,0,0,0,0,false,2026-01-08T03:15:28.865Z,tweet
"Enter to get the NMD_R1 PK 'White Camo' and more at retail price. #GOATSUMMER  https:// goat.app.link/YFmF3jFP4E",2017-07-26T18:14:46.000Z,0,0,0,0,false,2026-01-08T03:15:35.261Z,tweet
"Enter to get the NMD_CS2 Primeknit 'Ronin' and more at retail price. #GOATSUMMER  https:// goat.app.link/6hs1XuJm6E",2017-07-26T18:14:09.000Z,0,0,0,0,false,2026-01-08T03:15:41.779Z,tweet
"Enter to get the Rihanna x Mns Velvet Creeper 'Burgundy' and more at retail price. #GOATSUMMER  https:// goat.app.link/XZzcLmHm6E",2017-07-26T18:13:44.000Z,0,0,0,0,false,2026-01-08T03:15:46.519Z,tweet
"Enter to get the NMD CS1 'Light Grey' and more at retail price. #GOATSUMMER  https:// goat.app.link/S5TjMcEm6E",2017-07-26T18:13:10.000Z,0,0,0,0,false,2026-01-08T03:15:53.177Z,tweet
"Enter to get the Air Jordan 6 Retro 'Olympic' 2012 and more at retail price. #GOATSUMMER  https:// goat.app.link/08rr9WAm6E",2017-07-26T18:12:17.000Z,0,0,0,0,false,2026-01-08T03:16:00.519Z,tweet
"Enter to get the Acronym x NikeLab Air Force Downtown 1 Hi SP and more at retail price. #GOATSUMMER  https:// goat.app.link/ISYA9ovm6E",2017-07-26T18:10:59.000Z,0,0,0,0,false,2026-01-08T03:16:06.461Z,tweet
"Enter to get the Lunar Huarache Light SP White and more at retail price. #GOATSUMMER  https:// goat.app.link/RH38Aghm6E",2017-07-26T18:10:26.000Z,0,0,0,0,false,2026-01-08T03:16:12.348Z,tweet
